user_id,country,age_group,proficiency_level,interests,Grammar,Vocabulary,Pronunciation,Fluency,Prepositions,Tenses,Word Choice,Intonation,Sentence Structure,Easy,Medium,Hard,Gaming,Cooking,Music,Sports,Technology,recent_scores
0,UK,46+,Advanced,"Technology, Music",8,11,8,22,0,17,17,11,4,1,0,0,0,0,1,0,1,
1,Brazil,46+,Beginner,"Sports, Music",23,2,3,20,9,16,8,9,6,1,0,0,0,0,1,1,0,
2,USA,46+,Advanced,"Cooking, Sports",10,21,18,6,8,6,9,23,9,1,0,0,0,1,0,1,0,
3,Brazil,46+,Beginner,"Gaming, Sports",6,5,12,3,8,9,0,9,0,1,0,0,1,0,0,1,0,
4,Brazil,46+,Advanced,"Technology, Cooking",10,6,0,9,6,0,9,0,10,1,0,0,0,1,0,0,1,
5,India,18-25,Advanced,"Cooking, Music",8,8,5,22,12,9,0,14,8,1,0,0,0,1,1,0,0,
6,USA,46+,Intermediate,"Music, Technology",11,19,12,14,16,14,4,16,6,1,0,0,0,0,1,0,1,
7,USA,18-25,Beginner,"Music, Gaming",14,6,9,17,9,1,13,15,8,1,0,0,1,0,1,0,0,
8,USA,46+,Intermediate,"Sports, Technology",13,7,22,5,7,25,6,9,0,1,0,0,0,0,0,1,1,
9,Brazil,36-45,Beginner,"Music, Technology",23,8,4,11,13,14,12,0,7,1,0,0,0,0,1,0,1,
10,UK,26-35,Advanced,"Cooking, Music",9,14,20,2,0,4,7,18,16,1,0,0,0,1,1,0,0,
11,USA,18-25,Advanced,"Music, Cooking",7,18,24,17,2,26,20,11,7,1,0,0,0,1,1,0,0,
12,Brazil,46+,Beginner,"Gaming, Music",7,23,27,13,18,21,23,7,1,1,0,0,1,0,1,0,0,
13,India,36-45,Intermediate,"Cooking, Gaming",7,14,23,27,10,24,19,11,7,1,0,0,1,1,0,0,0,
14,UK,26-35,Intermediate,"Gaming, Music",9,9,23,5,9,1,18,5,13,1,0,0,1,0,1,0,0,
15,India,18-25,Intermediate,"Music, Technology",16,23,15,7,7,14,11,12,17,1,0,0,0,0,1,0,1,
16,UK,26-35,Intermediate,"Music, Cooking",9,15,4,16,5,4,13,19,3,1,0,0,0,1,1,0,0,
17,Brazil,36-45,Advanced,"Gaming, Technology",7,6,16,15,0,17,2,12,13,1,0,0,1,0,0,0,1,
18,Japan,18-25,Advanced,"Technology, Cooking",19,0,12,39,16,27,15,11,1,1,0,0,0,1,0,0,1,
19,UK,26-35,Advanced,"Technology, Sports",9,20,19,25,12,21,31,9,0,1,0,0,0,0,0,1,1,
20,India,46+,Advanced,"Gaming, Technology",6,21,13,10,24,14,0,7,5,1,0,0,1,0,0,0,1,
21,Brazil,18-25,Advanced,"Gaming, Music",21,6,13,0,18,12,1,6,3,1,0,0,1,0,1,0,0,
22,UK,26-35,Intermediate,"Music, Sports",27,10,7,14,19,15,9,14,1,1,0,0,0,0,1,1,0,
23,Japan,36-45,Intermediate,"Technology, Sports",3,14,23,9,6,6,18,19,0,1,0,0,0,0,0,1,1,
24,Japan,36-45,Intermediate,"Technology, Music",13,21,7,1,11,14,16,1,0,1,0,0,0,0,1,0,1,
25,USA,18-25,Intermediate,"Technology, Cooking",24,20,13,7,13,12,15,10,14,1,0,0,0,1,0,0,1,
26,USA,26-35,Advanced,"Cooking, Music",18,10,2,26,8,9,19,9,11,1,0,0,0,1,1,0,0,
27,India,18-25,Advanced,"Music, Sports",12,10,17,5,13,4,5,5,17,1,0,0,0,0,1,1,0,
28,UK,18-25,Advanced,"Sports, Technology",0,23,26,11,2,19,9,21,9,1,0,0,0,0,0,1,1,
29,UK,26-35,Beginner,"Cooking, Music",9,0,7,3,18,0,0,1,0,1,0,0,0,1,1,0,0,
30,USA,26-35,Intermediate,"Music, Gaming",24,3,4,14,13,17,1,14,0,1,0,0,1,0,1,0,0,
31,UK,46+,Intermediate,"Sports, Technology",4,11,18,7,9,13,0,6,12,1,0,0,0,0,0,1,1,
32,UK,26-35,Advanced,"Technology, Music",13,0,6,7,6,8,0,12,0,1,0,0,0,0,1,0,1,
33,Japan,36-45,Intermediate,"Music, Sports",23,9,5,0,0,6,3,19,9,1,0,0,0,0,1,1,0,
34,USA,18-25,Intermediate,"Gaming, Music",7,13,15,12,0,22,0,6,19,1,0,0,1,0,1,0,0,
35,Brazil,18-25,Advanced,"Technology, Music",0,0,4,4,1,0,0,0,7,1,0,0,0,0,1,0,1,
36,USA,36-45,Beginner,"Sports, Cooking",0,22,0,14,10,6,8,7,5,1,0,0,0,1,0,1,0,
37,Brazil,26-35,Beginner,"Gaming, Cooking",11,4,9,7,7,4,11,9,0,1,0,0,1,1,0,0,0,
38,Japan,36-45,Beginner,"Technology, Gaming",0,3,12,30,23,5,9,8,0,1,0,0,1,0,0,0,1,
39,India,36-45,Advanced,"Sports, Cooking",13,11,9,1,1,18,0,0,15,1,0,0,0,1,0,1,0,
40,UK,46+,Intermediate,"Music, Gaming",9,28,0,9,15,13,0,18,0,1,0,0,1,0,1,0,0,
41,Japan,36-45,Advanced,"Music, Gaming",16,27,31,6,26,0,20,28,6,1,0,0,1,0,1,0,0,
42,UK,18-25,Advanced,"Gaming, Sports",27,8,7,3,9,17,8,0,11,1,0,0,1,0,0,1,0,
43,India,36-45,Intermediate,"Technology, Gaming",35,14,9,12,3,13,9,14,31,1,0,0,1,0,0,0,1,
44,India,18-25,Beginner,"Technology, Music",1,21,22,0,1,0,16,10,17,1,0,0,0,0,1,0,1,
45,Japan,18-25,Beginner,"Sports, Technology",21,16,33,0,0,28,12,0,30,1,0,0,0,0,0,1,1,
46,India,18-25,Advanced,"Music, Technology",14,29,13,10,7,23,1,19,16,1,0,0,0,0,1,0,1,
47,Brazil,26-35,Beginner,"Technology, Music",6,1,5,10,0,0,7,11,4,1,0,0,0,0,1,0,1,
48,India,46+,Advanced,"Gaming, Sports",23,4,22,4,7,4,13,2,27,1,0,0,1,0,0,1,0,
49,UK,18-25,Advanced,"Sports, Technology",8,8,0,14,8,8,0,6,8,1,0,0,0,0,0,1,1,
50,UK,18-25,Intermediate,"Cooking, Sports",22,21,27,13,15,23,18,15,12,1,0,0,0,1,0,1,0,
51,UK,26-35,Intermediate,"Music, Technology",15,12,8,24,2,26,12,10,9,1,0,0,0,0,1,0,1,
52,UK,18-25,Intermediate,"Cooking, Sports",26,2,2,1,10,10,0,3,8,1,0,0,0,1,0,1,0,
53,Brazil,36-45,Advanced,"Gaming, Music",9,16,1,25,0,17,0,9,25,1,0,0,1,0,1,0,0,
54,USA,36-45,Intermediate,"Technology, Gaming",14,21,0,9,13,23,5,3,0,1,0,0,1,0,0,0,1,
55,Japan,46+,Beginner,"Sports, Gaming",30,18,16,9,20,9,16,6,22,1,0,0,1,0,0,1,0,
56,UK,18-25,Beginner,"Cooking, Music",34,29,23,3,6,21,12,24,26,1,0,0,0,1,1,0,0,
57,India,26-35,Advanced,"Cooking, Gaming",9,9,25,2,9,1,8,15,12,1,0,0,1,1,0,0,0,
58,UK,36-45,Advanced,"Gaming, Music",11,10,5,18,17,9,4,6,8,1,0,0,1,0,1,0,0,
59,India,26-35,Intermediate,"Technology, Cooking",5,2,20,16,5,3,0,10,25,1,0,0,0,1,0,0,1,
60,India,26-35,Advanced,"Gaming, Sports",7,0,8,24,9,0,1,9,20,1,0,0,1,0,0,1,0,
61,UK,36-45,Advanced,"Cooking, Sports",37,6,3,9,29,16,3,0,7,1,0,0,0,1,0,1,0,
62,Brazil,26-35,Beginner,"Music, Sports",4,3,3,5,1,5,5,0,4,1,0,0,0,0,1,1,0,
63,India,36-45,Beginner,"Gaming, Music",15,7,11,0,8,6,12,0,7,1,0,0,1,0,1,0,0,
64,India,26-35,Intermediate,"Cooking, Gaming",14,15,9,20,13,19,4,12,10,1,0,0,1,1,0,0,0,
65,UK,36-45,Advanced,"Sports, Cooking",11,0,18,18,9,5,3,6,24,1,0,0,0,1,0,1,0,
66,India,18-25,Advanced,"Technology, Music",13,6,19,19,15,18,0,12,12,1,0,0,0,0,1,0,1,
67,India,46+,Beginner,"Sports, Cooking",3,13,12,24,6,14,9,16,7,1,0,0,0,1,0,1,0,
68,UK,36-45,Advanced,"Sports, Music",37,25,12,23,18,35,9,16,19,1,0,0,0,0,1,1,0,
69,UK,36-45,Beginner,"Cooking, Technology",0,15,11,23,23,12,3,4,7,1,0,0,0,1,0,0,1,
70,Japan,46+,Intermediate,"Technology, Sports",5,20,25,14,14,9,12,18,11,1,0,0,0,0,0,1,1,
71,Brazil,36-45,Beginner,"Gaming, Sports",7,19,15,5,12,6,7,0,21,1,0,0,1,0,0,1,0,
72,Brazil,36-45,Advanced,"Gaming, Music",4,11,4,15,1,12,13,6,2,1,0,0,1,0,1,0,0,
73,India,26-35,Intermediate,"Gaming, Music",7,19,8,28,35,12,0,1,14,1,0,0,1,0,1,0,0,
74,Brazil,46+,Beginner,"Sports, Cooking",0,7,11,25,3,0,4,20,16,1,0,0,0,1,0,1,0,
75,India,18-25,Beginner,"Technology, Sports",9,15,0,16,10,6,3,6,15,1,0,0,0,0,0,1,1,
76,Japan,36-45,Intermediate,"Sports, Gaming",17,26,18,8,6,13,9,18,23,1,0,0,1,0,0,1,0,
77,UK,46+,Intermediate,"Sports, Cooking",24,23,5,6,8,10,13,5,22,1,0,0,0,1,0,1,0,
78,UK,26-35,Beginner,"Sports, Cooking",17,19,9,23,26,10,14,0,18,1,0,0,0,1,0,1,0,
79,UK,18-25,Advanced,"Gaming, Music",3,23,19,3,15,2,12,13,6,1,0,0,1,0,1,0,0,
80,Brazil,46+,Beginner,"Cooking, Gaming",17,11,18,19,17,0,6,9,33,1,0,0,1,1,0,0,0,
81,Japan,18-25,Intermediate,"Music, Cooking",15,31,9,24,12,17,18,22,10,1,0,0,0,1,1,0,0,
82,Brazil,18-25,Beginner,"Technology, Gaming",0,16,9,7,4,7,0,6,15,1,0,0,1,0,0,0,1,
83,Brazil,18-25,Intermediate,"Cooking, Sports",15,21,15,3,4,6,16,21,7,1,0,0,0,1,0,1,0,
84,Japan,36-45,Intermediate,"Gaming, Music",0,16,23,23,35,0,22,5,0,1,0,0,1,0,1,0,0,
85,Japan,36-45,Advanced,"Cooking, Technology",13,18,24,27,0,18,18,34,12,1,0,0,0,1,0,0,1,
86,Japan,26-35,Intermediate,"Cooking, Technology",8,0,34,18,12,0,22,9,17,1,0,0,0,1,0,0,1,
87,Japan,26-35,Intermediate,"Sports, Technology",21,25,25,10,13,8,22,14,24,1,0,0,0,0,0,1,1,
88,UK,46+,Advanced,"Cooking, Gaming",29,2,8,0,17,18,0,0,4,1,0,0,1,1,0,0,0,
89,USA,26-35,Intermediate,"Gaming, Technology",20,10,16,15,10,16,14,13,8,1,0,0,1,0,0,0,1,
90,USA,18-25,Advanced,"Music, Technology",6,12,20,10,0,15,25,2,6,1,0,0,0,0,1,0,1,
91,Japan,18-25,Advanced,"Gaming, Sports",30,13,7,5,14,15,3,9,14,1,0,0,1,0,0,1,0,
92,USA,36-45,Intermediate,"Cooking, Technology",5,27,15,20,13,9,18,25,2,1,0,0,0,1,0,0,1,
93,USA,18-25,Intermediate,"Gaming, Sports",2,6,7,10,8,6,0,11,0,1,0,0,1,0,0,1,0,
94,Japan,46+,Beginner,"Sports, Technology",18,28,37,10,40,10,0,31,12,1,0,0,0,0,0,1,1,
95,USA,18-25,Advanced,"Sports, Gaming",12,17,3,3,6,7,8,9,5,1,0,0,1,0,0,1,0,
96,Brazil,18-25,Beginner,"Cooking, Music",37,19,7,0,6,8,9,14,26,1,0,0,0,1,1,0,0,
97,India,46+,Intermediate,"Cooking, Technology",0,0,9,15,9,6,9,0,0,1,0,0,0,1,0,0,1,
98,India,26-35,Beginner,"Gaming, Cooking",15,17,16,12,4,0,31,18,7,1,0,0,1,1,0,0,0,
99,Japan,26-35,Advanced,"Music, Cooking",1,3,0,22,3,5,0,1,17,1,0,0,0,1,1,0,0,
100,UK,46+,Beginner,"Music, Cooking",19,22,7,23,7,13,10,28,13,1,0,0,0,1,1,0,0,
101,Japan,36-45,Advanced,"Music, Technology",2,9,8,11,11,8,3,8,0,1,0,0,0,0,1,0,1,
102,UK,18-25,Intermediate,"Cooking, Sports",7,21,5,24,14,6,0,11,26,1,0,0,0,1,0,1,0,
103,India,46+,Intermediate,"Technology, Cooking",15,29,7,0,11,17,15,1,7,1,0,0,0,1,0,0,1,
104,Japan,18-25,Advanced,"Music, Gaming",16,27,7,16,34,3,8,5,16,1,0,0,1,0,1,0,0,
105,Brazil,36-45,Intermediate,"Music, Gaming",27,22,4,20,2,24,13,9,25,1,0,0,1,0,1,0,0,
106,USA,18-25,Intermediate,"Music, Sports",13,3,25,8,11,19,17,0,2,1,0,0,0,0,1,1,0,
107,UK,46+,Intermediate,"Gaming, Cooking",0,22,12,0,2,6,0,26,0,1,0,0,1,1,0,0,0,
108,USA,18-25,Intermediate,"Technology, Sports",0,18,28,9,0,17,13,15,10,1,0,0,0,0,0,1,1,
109,USA,26-35,Advanced,"Cooking, Music",3,16,11,30,26,3,0,3,28,1,0,0,0,1,1,0,0,
110,Japan,36-45,Beginner,"Cooking, Music",1,5,9,8,8,8,0,0,7,1,0,0,0,1,1,0,0,
111,USA,36-45,Beginner,"Music, Cooking",34,28,18,9,26,21,15,25,2,1,0,0,0,1,1,0,0,
112,Brazil,36-45,Intermediate,"Sports, Technology",14,16,7,18,20,17,0,18,0,1,0,0,0,0,0,1,1,
113,USA,46+,Beginner,"Cooking, Music",17,14,12,14,24,2,4,19,8,1,0,0,0,1,1,0,0,
114,Japan,36-45,Beginner,"Music, Gaming",9,34,21,18,8,18,18,27,11,1,0,0,1,0,1,0,0,
115,Brazil,26-35,Intermediate,"Technology, Sports",8,5,8,21,16,0,10,0,16,1,0,0,0,0,0,1,1,
116,India,46+,Intermediate,"Sports, Music",6,21,14,9,8,10,0,11,21,1,0,0,0,0,1,1,0,
117,USA,26-35,Beginner,"Cooking, Music",11,5,16,34,6,7,14,12,27,1,0,0,0,1,1,0,0,
118,Japan,18-25,Advanced,"Gaming, Cooking",1,6,12,15,8,6,8,0,12,1,0,0,1,1,0,0,0,
119,India,18-25,Intermediate,"Gaming, Music",23,12,12,10,7,5,6,22,17,1,0,0,1,0,1,0,0,
120,India,18-25,Advanced,"Gaming, Sports",14,12,16,17,5,13,18,1,22,1,0,0,1,0,0,1,0,
121,UK,18-25,Beginner,"Music, Gaming",20,6,6,8,20,9,6,0,5,1,0,0,1,0,1,0,0,
122,Brazil,26-35,Intermediate,"Sports, Cooking",5,5,15,25,7,11,21,7,4,1,0,0,0,1,0,1,0,
123,USA,46+,Advanced,"Sports, Music",2,4,15,0,0,2,4,0,15,1,0,0,0,0,1,1,0,
124,Japan,46+,Intermediate,"Music, Gaming",6,14,13,20,14,8,7,18,6,1,0,0,1,0,1,0,0,
125,UK,36-45,Beginner,"Technology, Gaming",15,26,9,7,10,23,0,7,17,1,0,0,1,0,0,0,1,
126,Brazil,26-35,Advanced,"Cooking, Music",7,0,26,4,2,9,6,4,16,1,0,0,0,1,1,0,0,
127,UK,18-25,Beginner,"Technology, Gaming",22,19,21,16,38,0,8,9,23,1,0,0,1,0,0,0,1,
128,Brazil,26-35,Beginner,"Cooking, Music",8,0,13,12,12,3,1,14,3,1,0,0,0,1,1,0,0,
129,Brazil,36-45,Intermediate,"Music, Sports",20,24,16,20,1,25,21,7,26,1,0,0,0,0,1,1,0,
130,USA,36-45,Advanced,"Technology, Sports",4,10,7,15,15,14,1,6,0,1,0,0,0,0,0,1,1,
131,Brazil,26-35,Beginner,"Music, Technology",14,31,15,13,7,9,9,20,28,1,0,0,0,0,1,0,1,
132,UK,26-35,Beginner,"Music, Cooking",5,34,20,21,13,13,26,18,10,1,0,0,0,1,1,0,0,
133,Brazil,26-35,Advanced,"Gaming, Sports",15,28,5,5,16,15,8,7,7,1,0,0,1,0,0,1,0,
134,USA,46+,Beginner,"Cooking, Music",14,1,23,4,15,14,4,9,0,1,0,0,0,1,1,0,0,
135,USA,18-25,Beginner,"Cooking, Music",1,15,6,5,19,1,6,1,0,1,0,0,0,1,1,0,0,
136,UK,26-35,Advanced,"Cooking, Gaming",0,6,9,16,0,5,4,16,6,1,0,0,1,1,0,0,0,
137,India,26-35,Advanced,"Gaming, Cooking",20,16,10,10,17,6,12,14,7,1,0,0,1,1,0,0,0,
138,India,26-35,Advanced,"Cooking, Sports",3,23,1,14,0,0,8,15,18,1,0,0,0,1,0,1,0,
139,Brazil,36-45,Advanced,"Sports, Cooking",1,21,3,4,13,8,6,1,1,1,0,0,0,1,0,1,0,
140,Japan,36-45,Intermediate,"Music, Cooking",15,13,20,17,2,9,24,16,14,1,0,0,0,1,1,0,0,
141,Brazil,46+,Advanced,"Cooking, Music",0,0,4,16,11,2,7,0,0,1,0,0,0,1,1,0,0,
142,UK,18-25,Intermediate,"Sports, Gaming",5,15,7,10,30,5,0,2,0,1,0,0,1,0,0,1,0,
143,UK,46+,Intermediate,"Sports, Technology",21,12,7,32,25,3,8,27,9,1,0,0,0,0,0,1,1,
144,UK,18-25,Intermediate,"Cooking, Gaming",27,5,0,19,7,0,14,9,21,1,0,0,1,1,0,0,0,
145,UK,36-45,Beginner,"Gaming, Music",12,1,23,11,15,13,1,11,7,1,0,0,1,0,1,0,0,
146,UK,36-45,Intermediate,"Technology, Music",22,15,18,14,9,12,5,14,29,1,0,0,0,0,1,0,1,
147,USA,36-45,Intermediate,"Technology, Music",11,2,3,0,8,3,0,3,2,1,0,0,0,0,1,0,1,
148,India,46+,Beginner,"Cooking, Music",25,3,18,17,4,16,20,18,5,1,0,0,0,1,1,0,0,
149,UK,26-35,Beginner,"Technology, Gaming",12,8,9,3,1,7,8,2,14,1,0,0,1,0,0,0,1,
150,Japan,26-35,Beginner,"Sports, Technology",8,6,2,3,7,5,1,2,4,1,0,0,0,0,0,1,1,
151,Japan,36-45,Advanced,"Sports, Music",10,17,17,9,30,9,5,9,0,1,0,0,0,0,1,1,0,
152,Japan,26-35,Beginner,"Sports, Cooking",4,12,20,0,0,0,16,15,5,1,0,0,0,1,0,1,0,
153,Japan,26-35,Beginner,"Sports, Gaming",12,15,26,7,1,25,0,13,21,1,0,0,1,0,0,1,0,
154,USA,46+,Intermediate,"Technology, Cooking",8,13,8,40,24,4,0,16,25,1,0,0,0,1,0,0,1,
155,Japan,18-25,Beginner,"Technology, Sports",21,1,24,6,13,0,15,22,2,1,0,0,0,0,0,1,1,
156,UK,36-45,Advanced,"Gaming, Technology",18,14,10,9,20,2,7,11,11,1,0,0,1,0,0,0,1,
157,Brazil,36-45,Beginner,"Music, Technology",16,5,31,27,20,26,7,23,3,1,0,0,0,0,1,0,1,
158,Japan,46+,Advanced,"Cooking, Gaming",0,25,12,0,0,6,9,17,5,1,0,0,1,1,0,0,0,
159,USA,46+,Beginner,"Sports, Gaming",5,5,13,1,12,2,0,9,1,1,0,0,1,0,0,1,0,
160,USA,26-35,Beginner,"Sports, Music",2,37,4,14,0,12,8,33,4,1,0,0,0,0,1,1,0,
161,Japan,36-45,Beginner,"Sports, Cooking",8,16,20,26,11,20,17,22,0,1,0,0,0,1,0,1,0,
162,Brazil,18-25,Beginner,"Music, Technology",2,10,19,3,9,9,15,1,0,1,0,0,0,0,1,0,1,
163,Japan,46+,Advanced,"Technology, Gaming",8,9,17,22,9,9,1,25,12,1,0,0,1,0,0,0,1,
164,USA,18-25,Advanced,"Sports, Music",34,35,3,1,19,22,22,3,7,1,0,0,0,0,1,1,0,
165,India,18-25,Intermediate,"Gaming, Music",18,28,25,15,19,33,15,10,9,1,0,0,1,0,1,0,0,
166,UK,36-45,Advanced,"Cooking, Gaming",3,21,20,10,10,10,18,6,10,1,0,0,1,1,0,0,0,
167,USA,36-45,Beginner,"Technology, Gaming",11,9,30,15,18,23,22,0,2,1,0,0,1,0,0,0,1,
168,Japan,46+,Intermediate,"Music, Sports",0,17,9,18,4,1,11,19,9,1,0,0,0,0,1,1,0,
169,UK,36-45,Intermediate,"Technology, Music",9,6,28,3,7,17,16,0,6,1,0,0,0,0,1,0,1,
170,Japan,36-45,Intermediate,"Cooking, Music",11,21,16,11,13,16,9,16,5,1,0,0,0,1,1,0,0,
171,Japan,36-45,Beginner,"Technology, Cooking",18,5,13,23,19,5,7,11,17,1,0,0,0,1,0,0,1,
172,India,18-25,Advanced,"Technology, Gaming",7,6,12,18,17,1,9,10,6,1,0,0,1,0,0,0,1,
173,UK,46+,Beginner,"Sports, Gaming",0,5,21,5,5,16,10,0,0,1,0,0,1,0,0,1,0,
174,UK,26-35,Intermediate,"Music, Sports",0,13,6,9,3,3,9,4,9,1,0,0,0,0,1,1,0,
175,India,18-25,Beginner,"Music, Gaming",0,28,10,24,19,5,27,9,2,1,0,0,1,0,1,0,0,
176,USA,36-45,Beginner,"Music, Cooking",9,12,0,20,7,2,5,15,12,1,0,0,0,1,1,0,0,
177,Japan,18-25,Advanced,"Sports, Gaming",0,16,4,26,20,9,1,11,5,1,0,0,1,0,0,1,0,
178,Brazil,36-45,Advanced,"Technology, Sports",8,19,4,3,5,4,1,0,24,1,0,0,0,0,0,1,1,
179,Japan,36-45,Intermediate,"Gaming, Cooking",25,3,25,16,6,21,16,12,14,1,0,0,1,1,0,0,0,
180,Japan,18-25,Beginner,"Technology, Gaming",14,12,41,11,21,5,24,24,4,1,0,0,1,0,0,0,1,
181,USA,46+,Beginner,"Sports, Cooking",3,19,24,18,0,0,25,16,23,1,0,0,0,1,0,1,0,
182,Japan,36-45,Advanced,"Music, Sports",16,11,5,14,0,13,7,21,5,1,0,0,0,0,1,1,0,
183,India,46+,Beginner,"Sports, Music",22,16,5,6,5,11,11,8,14,1,0,0,0,0,1,1,0,
184,India,26-35,Beginner,"Technology, Music",4,0,2,0,0,0,0,0,6,1,0,0,0,0,1,0,1,
185,UK,36-45,Beginner,"Cooking, Sports",15,24,12,16,15,9,27,16,0,1,0,0,0,1,0,1,0,
186,Brazil,46+,Advanced,"Music, Cooking",7,9,29,24,0,3,44,6,16,1,0,0,0,1,1,0,0,
187,Japan,46+,Intermediate,"Cooking, Music",7,4,10,21,21,7,3,0,11,1,0,0,0,1,1,0,0,
188,Japan,26-35,Intermediate,"Music, Sports",11,16,21,10,8,7,19,15,9,1,0,0,0,0,1,1,0,
189,USA,46+,Beginner,"Cooking, Gaming",5,11,0,0,16,0,0,0,0,1,0,0,1,1,0,0,0,
190,India,46+,Intermediate,"Gaming, Technology",17,14,18,0,10,14,9,9,7,1,0,0,1,0,0,0,1,
191,Brazil,26-35,Advanced,"Sports, Gaming",17,9,24,9,6,20,23,5,5,1,0,0,1,0,0,1,0,
192,UK,36-45,Advanced,"Gaming, Sports",12,9,7,4,2,2,9,19,0,1,0,0,1,0,0,1,0,
193,India,46+,Intermediate,"Cooking, Gaming",9,17,0,0,5,0,0,0,21,1,0,0,1,1,0,0,0,
194,UK,46+,Intermediate,"Technology, Cooking",5,0,8,6,3,0,6,0,10,1,0,0,0,1,0,0,1,
195,USA,46+,Beginner,"Cooking, Sports",18,16,1,6,0,8,4,23,6,1,0,0,0,1,0,1,0,
196,USA,18-25,Intermediate,"Technology, Gaming",10,18,15,16,0,9,15,35,0,1,0,0,1,0,0,0,1,
197,Japan,26-35,Beginner,"Technology, Sports",9,15,22,17,6,0,32,6,19,1,0,0,0,0,0,1,1,
198,Brazil,18-25,Beginner,"Music, Technology",2,24,5,10,12,2,6,12,9,1,0,0,0,0,1,0,1,
199,UK,26-35,Advanced,"Sports, Cooking",30,9,21,7,16,6,25,7,13,1,0,0,0,1,0,1,0,
200,India,36-45,Advanced,"Cooking, Music",11,10,1,9,6,6,0,0,19,1,0,0,0,1,1,0,0,
201,USA,36-45,Advanced,"Technology, Gaming",9,2,0,37,5,14,18,2,9,1,0,0,1,0,0,0,1,
202,Japan,46+,Advanced,"Technology, Sports",8,0,18,22,18,11,12,7,0,1,0,0,0,0,0,1,1,
203,Japan,26-35,Intermediate,"Sports, Gaming",10,18,16,16,4,15,12,12,17,1,0,0,1,0,0,1,0,
204,UK,36-45,Advanced,"Cooking, Sports",9,26,18,0,3,4,18,11,17,1,0,0,0,1,0,1,0,
205,USA,26-35,Intermediate,"Technology, Music",2,8,5,16,5,7,9,10,0,1,0,0,0,0,1,0,1,
206,Brazil,36-45,Advanced,"Technology, Music",4,2,7,23,3,6,8,6,13,1,0,0,0,0,1,0,1,
207,USA,18-25,Intermediate,"Technology, Gaming",10,21,27,0,20,5,7,11,15,1,0,0,1,0,0,0,1,
208,UK,36-45,Beginner,"Music, Gaming",16,22,11,26,20,2,33,17,3,1,0,0,1,0,1,0,0,
209,UK,18-25,Intermediate,"Sports, Technology",28,25,12,0,11,31,11,5,7,1,0,0,0,0,0,1,1,
210,USA,36-45,Intermediate,"Cooking, Sports",7,7,26,13,3,15,26,1,8,1,0,0,0,1,0,1,0,
211,UK,46+,Advanced,"Technology, Sports",14,16,0,9,12,19,0,0,8,1,0,0,0,0,0,1,1,
212,USA,18-25,Intermediate,"Sports, Gaming",14,9,15,14,0,6,16,22,8,1,0,0,1,0,0,1,0,
213,India,36-45,Beginner,"Cooking, Technology",3,26,12,26,15,21,14,8,9,1,0,0,0,1,0,0,1,
214,USA,46+,Beginner,"Cooking, Music",13,10,17,24,8,9,25,14,8,1,0,0,0,1,1,0,0,
215,USA,18-25,Advanced,"Music, Cooking",4,24,0,27,0,24,9,10,12,1,0,0,0,1,1,0,0,
216,UK,46+,Beginner,"Sports, Gaming",11,10,28,11,2,32,1,17,8,1,0,0,1,0,0,1,0,
217,UK,26-35,Intermediate,"Cooking, Technology",16,13,9,20,0,4,16,19,19,1,0,0,0,1,0,0,1,
218,Japan,26-35,Beginner,"Gaming, Cooking",0,19,10,3,0,1,13,16,2,1,0,0,1,1,0,0,0,
219,Japan,18-25,Advanced,"Music, Gaming",2,13,0,12,11,2,0,14,0,1,0,0,1,0,1,0,0,
220,India,36-45,Intermediate,"Gaming, Sports",20,31,18,47,30,2,13,28,43,1,0,0,1,0,0,1,0,
221,Japan,18-25,Advanced,"Music, Gaming",12,13,0,9,1,4,18,11,0,1,0,0,1,0,1,0,0,
222,USA,46+,Intermediate,"Music, Technology",6,10,0,5,0,0,7,8,6,1,0,0,0,0,1,0,1,
223,UK,36-45,Beginner,"Technology, Gaming",0,0,14,17,7,20,0,0,4,1,0,0,1,0,0,0,1,
224,Japan,26-35,Advanced,"Gaming, Sports",7,0,22,16,0,7,12,6,20,1,0,0,1,0,0,1,0,
225,Japan,36-45,Advanced,"Sports, Technology",32,12,13,20,24,26,5,8,14,1,0,0,0,0,0,1,1,
226,India,26-35,Intermediate,"Cooking, Technology",28,0,4,14,12,8,7,19,0,1,0,0,0,1,0,0,1,
227,India,36-45,Advanced,"Cooking, Sports",5,3,15,24,19,9,2,9,8,1,0,0,0,1,0,1,0,
228,USA,36-45,Intermediate,"Cooking, Music",14,10,17,42,20,16,15,7,25,1,0,0,0,1,1,0,0,
229,UK,36-45,Intermediate,"Technology, Cooking",18,9,14,3,7,18,10,2,7,1,0,0,0,1,0,0,1,
230,India,46+,Intermediate,"Technology, Music",20,0,5,8,6,10,6,8,3,1,0,0,0,0,1,0,1,
231,Japan,46+,Intermediate,"Gaming, Technology",4,7,29,10,13,15,4,1,17,1,0,0,1,0,0,0,1,
232,UK,18-25,Beginner,"Gaming, Cooking",18,22,0,15,0,11,22,9,13,1,0,0,1,1,0,0,0,
233,UK,18-25,Intermediate,"Music, Cooking",18,8,20,22,16,2,16,32,2,1,0,0,0,1,1,0,0,
234,Japan,26-35,Advanced,"Technology, Music",32,6,10,9,7,3,31,1,15,1,0,0,0,0,1,0,1,
235,India,46+,Beginner,"Gaming, Technology",13,13,13,32,21,21,5,18,6,1,0,0,1,0,0,0,1,
236,Japan,26-35,Advanced,"Technology, Sports",13,29,19,15,23,14,16,9,14,1,0,0,0,0,0,1,1,
237,UK,18-25,Beginner,"Gaming, Music",18,14,0,11,4,6,0,11,22,1,0,0,1,0,1,0,0,
238,Brazil,26-35,Intermediate,"Music, Gaming",0,7,16,24,7,13,4,6,17,1,0,0,1,0,1,0,0,
239,Brazil,18-25,Beginner,"Technology, Gaming",2,8,0,24,0,13,8,2,11,1,0,0,1,0,0,0,1,
240,USA,46+,Beginner,"Sports, Technology",17,8,0,12,10,4,5,10,8,1,0,0,0,0,0,1,1,
241,Japan,36-45,Advanced,"Cooking, Sports",6,3,11,16,19,8,9,0,0,1,0,0,0,1,0,1,0,
242,Japan,46+,Advanced,"Sports, Music",8,10,4,20,3,18,7,2,12,1,0,0,0,0,1,1,0,
243,USA,26-35,Intermediate,"Cooking, Sports",9,13,0,15,4,17,0,9,7,1,0,0,0,1,0,1,0,
244,USA,26-35,Beginner,"Music, Sports",22,1,3,0,4,0,0,3,19,1,0,0,0,0,1,1,0,
245,USA,46+,Beginner,"Technology, Cooking",11,18,14,7,4,0,7,27,12,1,0,0,0,1,0,0,1,
246,UK,46+,Beginner,"Gaming, Music",12,10,8,0,12,8,0,10,0,1,0,0,1,0,1,0,0,
247,Japan,18-25,Intermediate,"Gaming, Music",8,0,5,33,9,13,0,8,16,1,0,0,1,0,1,0,0,
248,UK,26-35,Intermediate,"Gaming, Music",20,14,10,15,7,16,19,17,0,1,0,0,1,0,1,0,0,
249,USA,26-35,Intermediate,"Gaming, Cooking",8,0,21,15,7,0,3,12,22,1,0,0,1,1,0,0,0,
250,Japan,46+,Intermediate,"Cooking, Technology",5,9,9,14,16,12,0,9,0,1,0,0,0,1,0,0,1,
251,UK,36-45,Intermediate,"Technology, Gaming",10,8,1,2,2,7,0,10,2,1,0,0,1,0,0,0,1,
252,UK,26-35,Advanced,"Music, Gaming",34,21,22,24,30,4,18,34,15,1,0,0,1,0,1,0,0,
253,USA,36-45,Beginner,"Cooking, Technology",38,7,11,2,16,17,0,0,25,1,0,0,0,1,0,0,1,
254,Japan,46+,Beginner,"Sports, Cooking",23,23,23,22,33,9,15,26,8,1,0,0,0,1,0,1,0,
255,USA,46+,Beginner,"Gaming, Music",3,10,26,6,11,17,0,3,14,1,0,0,1,0,1,0,0,
256,Japan,18-25,Beginner,"Technology, Sports",29,17,25,8,12,15,29,5,18,1,0,0,0,0,0,1,1,
257,Brazil,26-35,Beginner,"Music, Sports",22,11,15,0,15,5,10,7,11,1,0,0,0,0,1,1,0,
258,India,36-45,Beginner,"Music, Cooking",15,14,28,14,5,26,16,6,18,1,0,0,0,1,1,0,0,
259,India,18-25,Beginner,"Cooking, Technology",20,4,12,26,22,20,0,14,6,1,0,0,0,1,0,0,1,
260,India,26-35,Beginner,"Sports, Cooking",7,22,19,0,3,8,28,8,1,1,0,0,0,1,0,1,0,
261,USA,18-25,Advanced,"Music, Gaming",0,6,8,19,7,7,5,0,14,1,0,0,1,0,1,0,0,
262,Brazil,46+,Beginner,"Cooking, Sports",11,0,14,5,10,6,7,2,5,1,0,0,0,1,0,1,0,
263,Japan,26-35,Advanced,"Cooking, Technology",20,8,9,11,9,10,18,0,11,1,0,0,0,1,0,0,1,
264,UK,18-25,Intermediate,"Sports, Gaming",18,17,16,21,34,0,12,10,16,1,0,0,1,0,0,1,0,
265,Japan,18-25,Beginner,"Cooking, Technology",4,8,26,24,24,11,1,17,9,1,0,0,0,1,0,0,1,
266,UK,36-45,Intermediate,"Technology, Gaming",8,10,13,9,0,0,23,15,2,1,0,0,1,0,0,0,1,
267,Japan,18-25,Intermediate,"Cooking, Sports",18,15,9,17,1,20,19,3,16,1,0,0,0,1,0,1,0,
268,Brazil,26-35,Intermediate,"Cooking, Technology",18,5,3,16,4,20,4,0,14,1,0,0,0,1,0,0,1,
269,UK,26-35,Advanced,"Technology, Cooking",10,4,26,16,23,6,14,2,11,1,0,0,0,1,0,0,1,
270,USA,36-45,Intermediate,"Cooking, Sports",18,11,27,13,3,12,8,10,36,1,0,0,0,1,0,1,0,
271,Japan,26-35,Intermediate,"Music, Technology",0,15,8,3,0,9,1,8,8,1,0,0,0,0,1,0,1,
272,Japan,46+,Intermediate,"Gaming, Sports",36,22,14,29,24,24,37,6,10,1,0,0,1,0,0,1,0,
273,UK,26-35,Beginner,"Technology, Cooking",30,9,4,0,3,16,8,16,0,1,0,0,0,1,0,0,1,
274,USA,26-35,Beginner,"Music, Gaming",16,15,14,11,11,4,16,18,7,1,0,0,1,0,1,0,0,
275,USA,18-25,Advanced,"Cooking, Technology",15,5,13,18,7,4,17,17,6,1,0,0,0,1,0,0,1,
276,Brazil,18-25,Advanced,"Sports, Music",5,12,10,19,5,3,14,10,14,1,0,0,0,0,1,1,0,
277,USA,26-35,Beginner,"Gaming, Technology",16,16,10,36,17,17,19,10,15,1,0,0,1,0,0,0,1,
278,USA,36-45,Advanced,"Music, Sports",20,11,17,4,15,4,14,1,18,1,0,0,0,0,1,1,0,
279,USA,18-25,Beginner,"Cooking, Music",12,5,4,13,21,6,0,0,7,1,0,0,0,1,1,0,0,
280,India,36-45,Intermediate,"Music, Sports",21,8,5,15,5,16,13,0,15,1,0,0,0,0,1,1,0,
281,Brazil,26-35,Intermediate,"Gaming, Technology",5,19,15,25,11,8,4,13,28,1,0,0,1,0,0,0,1,
282,Japan,26-35,Advanced,"Music, Cooking",19,13,0,8,17,0,8,15,0,1,0,0,0,1,1,0,0,
283,UK,46+,Beginner,"Music, Cooking",6,23,5,12,0,11,6,15,14,1,0,0,0,1,1,0,0,
284,Japan,18-25,Beginner,"Cooking, Sports",20,10,13,0,6,1,19,7,10,1,0,0,0,1,0,1,0,
285,Brazil,26-35,Advanced,"Technology, Music",11,20,0,6,0,8,4,8,17,1,0,0,0,0,1,0,1,
286,UK,46+,Beginner,"Cooking, Gaming",9,9,0,13,9,13,1,0,8,1,0,0,1,1,0,0,0,
287,Brazil,18-25,Intermediate,"Sports, Music",0,14,18,10,3,3,16,0,20,1,0,0,0,0,1,1,0,
288,USA,26-35,Advanced,"Music, Sports",23,26,11,8,0,19,17,16,16,1,0,0,0,0,1,1,0,
289,UK,26-35,Advanced,"Technology, Sports",6,0,10,7,6,5,5,5,2,1,0,0,0,0,0,1,1,
290,USA,18-25,Beginner,"Technology, Music",11,8,1,2,5,0,0,8,9,1,0,0,0,0,1,0,1,
291,Japan,18-25,Advanced,"Sports, Cooking",9,1,7,19,7,3,0,16,10,1,0,0,0,1,0,1,0,
292,Japan,18-25,Beginner,"Gaming, Music",9,39,23,17,16,23,22,15,12,1,0,0,1,0,1,0,0,
293,UK,26-35,Beginner,"Technology, Cooking",11,8,18,13,18,12,9,8,3,1,0,0,0,1,0,0,1,
294,UK,26-35,Beginner,"Technology, Music",6,8,12,8,2,0,10,22,0,1,0,0,0,0,1,0,1,
295,Brazil,46+,Beginner,"Technology, Sports",9,27,8,4,10,5,3,30,0,1,0,0,0,0,0,1,1,
296,Brazil,36-45,Beginner,"Sports, Gaming",24,21,13,0,12,13,19,12,2,1,0,0,1,0,0,1,0,
297,USA,18-25,Advanced,"Music, Sports",0,0,41,11,0,17,24,8,3,1,0,0,0,0,1,1,0,
298,UK,26-35,Intermediate,"Cooking, Music",6,13,12,1,4,0,2,14,12,1,0,0,0,1,1,0,0,
299,Japan,26-35,Intermediate,"Sports, Technology",19,12,7,31,17,21,11,7,13,1,0,0,0,0,0,1,1,
300,Brazil,18-25,Advanced,"Cooking, Gaming",9,8,8,3,11,8,0,0,9,1,0,0,1,1,0,0,0,
301,Brazil,36-45,Advanced,"Technology, Cooking",17,14,24,5,6,11,0,14,29,1,0,0,0,1,0,0,1,
302,Japan,18-25,Intermediate,"Sports, Cooking",16,12,0,21,1,12,14,15,7,1,0,0,0,1,0,1,0,
303,Brazil,36-45,Intermediate,"Sports, Cooking",6,22,10,17,17,18,11,8,1,1,0,0,0,1,0,1,0,
304,USA,26-35,Intermediate,"Gaming, Sports",10,2,0,5,2,6,0,4,5,1,0,0,1,0,0,1,0,
305,UK,36-45,Intermediate,"Cooking, Technology",3,22,28,11,16,6,5,9,28,1,0,0,0,1,0,0,1,
306,Japan,46+,Intermediate,"Sports, Music",21,6,12,21,4,16,10,14,16,1,0,0,0,0,1,1,0,
307,UK,26-35,Beginner,"Gaming, Technology",16,24,3,1,4,6,8,8,18,1,0,0,1,0,0,0,1,
308,Brazil,46+,Advanced,"Technology, Music",4,12,25,9,2,9,8,12,19,1,0,0,0,0,1,0,1,
309,Brazil,18-25,Beginner,"Music, Gaming",8,9,20,23,23,13,11,9,4,1,0,0,1,0,1,0,0,
310,Japan,18-25,Intermediate,"Technology, Music",14,25,9,12,6,7,16,3,28,1,0,0,0,0,1,0,1,
311,USA,18-25,Intermediate,"Gaming, Sports",3,2,2,5,4,5,0,0,3,1,0,0,1,0,0,1,0,
312,India,36-45,Intermediate,"Music, Sports",9,10,19,8,0,17,5,12,12,1,0,0,0,0,1,1,0,
313,Japan,26-35,Beginner,"Cooking, Sports",5,25,0,2,0,3,24,0,5,1,0,0,0,1,0,1,0,
314,India,18-25,Beginner,"Cooking, Sports",10,6,3,12,16,8,0,6,1,1,0,0,0,1,0,1,0,
315,India,18-25,Intermediate,"Cooking, Gaming",10,7,3,0,6,0,7,0,7,1,0,0,1,1,0,0,0,
316,USA,26-35,Beginner,"Technology, Sports",19,28,16,14,17,31,0,18,11,1,0,0,0,0,0,1,1,
317,India,18-25,Beginner,"Cooking, Technology",13,22,33,10,23,23,4,15,13,1,0,0,0,1,0,0,1,
318,India,46+,Intermediate,"Technology, Music",12,0,19,6,0,2,3,17,15,1,0,0,0,0,1,0,1,
319,USA,26-35,Beginner,"Music, Sports",18,12,23,10,3,0,29,10,21,1,0,0,0,0,1,1,0,
320,India,26-35,Advanced,"Technology, Cooking",20,2,12,2,16,6,8,6,0,1,0,0,0,1,0,0,1,
321,India,26-35,Advanced,"Music, Technology",4,10,4,8,9,7,10,0,0,1,0,0,0,0,1,0,1,
322,India,46+,Advanced,"Sports, Technology",9,14,38,0,15,12,0,16,18,1,0,0,0,0,0,1,1,
323,Japan,26-35,Advanced,"Music, Sports",14,31,15,2,0,20,19,3,20,1,0,0,0,0,1,1,0,
324,Japan,46+,Intermediate,"Gaming, Music",18,16,18,33,28,28,5,12,12,1,0,0,1,0,1,0,0,
325,Japan,26-35,Intermediate,"Sports, Gaming",18,6,12,20,20,23,0,2,11,1,0,0,1,0,0,1,0,
326,USA,36-45,Intermediate,"Cooking, Music",15,8,16,4,10,9,5,11,8,1,0,0,0,1,1,0,0,
327,Brazil,18-25,Advanced,"Music, Cooking",1,7,17,5,10,9,2,0,9,1,0,0,0,1,1,0,0,
328,India,36-45,Advanced,"Technology, Sports",5,36,7,9,11,6,13,11,16,1,0,0,0,0,0,1,1,
329,India,18-25,Beginner,"Music, Gaming",8,11,20,32,15,16,15,11,14,1,0,0,1,0,1,0,0,
330,USA,46+,Beginner,"Gaming, Cooking",2,7,12,20,0,18,8,8,7,1,0,0,1,1,0,0,0,
331,India,36-45,Advanced,"Cooking, Technology",3,2,21,10,0,0,4,21,11,1,0,0,0,1,0,0,1,
332,Japan,26-35,Advanced,"Sports, Technology",21,26,18,4,18,10,17,12,12,1,0,0,0,0,0,1,1,
333,Brazil,18-25,Advanced,"Gaming, Music",15,24,9,16,8,8,12,15,21,1,0,0,1,0,1,0,0,
334,UK,18-25,Advanced,"Cooking, Technology",17,0,8,13,0,7,23,8,0,1,0,0,0,1,0,0,1,
335,India,36-45,Beginner,"Sports, Music",15,40,1,21,24,9,15,5,24,1,0,0,0,0,1,1,0,
336,Japan,46+,Advanced,"Sports, Technology",7,6,6,16,10,0,0,7,18,1,0,0,0,0,0,1,1,
337,UK,36-45,Beginner,"Gaming, Music",18,6,0,21,6,4,23,8,4,1,0,0,1,0,1,0,0,
338,Brazil,46+,Advanced,"Technology, Gaming",15,2,15,3,6,3,8,17,1,1,0,0,1,0,0,0,1,
339,UK,46+,Advanced,"Cooking, Sports",0,13,9,3,7,0,4,6,8,1,0,0,0,1,0,1,0,
340,Japan,18-25,Advanced,"Gaming, Music",0,9,26,3,8,9,7,10,4,1,0,0,1,0,1,0,0,
341,UK,36-45,Beginner,"Sports, Music",9,24,15,16,19,17,7,15,6,1,0,0,0,0,1,1,0,
342,USA,36-45,Beginner,"Music, Technology",5,8,23,26,17,11,12,22,0,1,0,0,0,0,1,0,1,
343,UK,46+,Intermediate,"Technology, Gaming",8,12,23,6,13,17,1,0,18,1,0,0,1,0,0,0,1,
344,India,36-45,Advanced,"Gaming, Music",16,8,8,30,8,3,30,20,1,1,0,0,1,0,1,0,0,
345,India,26-35,Intermediate,"Gaming, Technology",7,0,6,12,0,8,6,7,4,1,0,0,1,0,0,0,1,
346,USA,26-35,Intermediate,"Cooking, Sports",13,9,8,7,10,0,0,17,10,1,0,0,0,1,0,1,0,
347,Japan,36-45,Beginner,"Cooking, Technology",14,17,8,8,7,0,1,31,8,1,0,0,0,1,0,0,1,
348,India,36-45,Beginner,"Music, Technology",14,11,2,20,2,0,10,2,33,1,0,0,0,0,1,0,1,
349,Brazil,46+,Intermediate,"Sports, Gaming",0,9,0,14,9,11,1,0,2,1,0,0,1,0,0,1,0,
350,India,26-35,Advanced,"Cooking, Sports",21,11,2,12,4,5,2,17,18,1,0,0,0,1,0,1,0,
351,India,26-35,Beginner,"Technology, Cooking",16,2,13,3,8,6,4,16,0,1,0,0,0,1,0,0,1,
352,Japan,18-25,Advanced,"Cooking, Sports",20,35,7,8,7,7,15,25,16,1,0,0,0,1,0,1,0,
353,UK,46+,Advanced,"Technology, Gaming",4,10,6,9,14,0,5,6,4,1,0,0,1,0,0,0,1,
354,India,18-25,Intermediate,"Music, Technology",16,10,11,4,3,16,15,0,7,1,0,0,0,0,1,0,1,
355,USA,26-35,Intermediate,"Gaming, Sports",22,10,7,11,4,24,10,5,7,1,0,0,1,0,0,1,0,
356,UK,46+,Intermediate,"Music, Sports",12,30,0,14,4,15,14,6,17,1,0,0,0,0,1,1,0,
357,Brazil,36-45,Intermediate,"Sports, Technology",11,0,17,13,8,21,0,0,12,1,0,0,0,0,0,1,1,
358,Japan,46+,Beginner,"Cooking, Sports",12,3,15,19,19,9,7,6,8,1,0,0,0,1,0,1,0,
359,Brazil,36-45,Beginner,"Sports, Music",15,7,0,20,22,5,6,0,9,1,0,0,0,0,1,1,0,
360,UK,36-45,Intermediate,"Technology, Music",7,13,0,4,5,0,4,8,7,1,0,0,0,0,1,0,1,
361,UK,46+,Beginner,"Music, Cooking",0,18,10,0,3,14,7,4,0,1,0,0,0,1,1,0,0,
362,UK,36-45,Intermediate,"Cooking, Gaming",9,3,0,9,7,0,5,0,9,1,0,0,1,1,0,0,0,
363,Brazil,18-25,Advanced,"Technology, Gaming",14,23,21,0,8,18,11,8,13,1,0,0,1,0,0,0,1,
364,UK,26-35,Advanced,"Cooking, Sports",18,18,20,9,15,12,8,9,21,1,0,0,0,1,0,1,0,
365,Brazil,36-45,Advanced,"Technology, Music",0,18,12,11,15,6,4,16,0,1,0,0,0,0,1,0,1,
366,UK,18-25,Intermediate,"Gaming, Technology",28,13,7,2,11,3,14,15,7,1,0,0,1,0,0,0,1,
367,USA,36-45,Advanced,"Technology, Music",13,27,11,31,4,20,29,15,14,1,0,0,0,0,1,0,1,
368,UK,26-35,Beginner,"Technology, Cooking",13,19,1,27,12,7,23,9,9,1,0,0,0,1,0,0,1,
369,Brazil,18-25,Advanced,"Technology, Music",13,10,0,0,0,5,13,5,0,1,0,0,0,0,1,0,1,
370,India,26-35,Advanced,"Technology, Gaming",18,0,18,29,31,0,0,15,19,1,0,0,1,0,0,0,1,
371,UK,26-35,Advanced,"Cooking, Sports",0,18,20,0,8,2,0,19,9,1,0,0,0,1,0,1,0,
372,India,18-25,Beginner,"Cooking, Gaming",19,18,13,33,0,17,24,27,15,1,0,0,1,1,0,0,0,
373,USA,18-25,Intermediate,"Music, Technology",8,14,10,9,4,19,9,0,9,1,0,0,0,0,1,0,1,
374,Japan,18-25,Beginner,"Gaming, Technology",6,18,15,5,12,5,11,0,16,1,0,0,1,0,0,0,1,
375,USA,46+,Intermediate,"Cooking, Sports",48,24,5,9,14,17,14,26,15,1,0,0,0,1,0,1,0,
376,UK,18-25,Intermediate,"Cooking, Technology",33,3,5,11,5,11,15,13,8,1,0,0,0,1,0,0,1,
377,India,18-25,Advanced,"Sports, Music",19,9,11,6,5,0,15,17,8,1,0,0,0,0,1,1,0,
378,India,18-25,Intermediate,"Sports, Music",15,21,26,22,13,30,9,20,12,1,0,0,0,0,1,1,0,
379,Brazil,18-25,Beginner,"Sports, Music",3,27,4,4,4,9,13,3,9,1,0,0,0,0,1,1,0,
380,India,36-45,Beginner,"Sports, Cooking",17,13,8,18,9,13,9,14,11,1,0,0,0,1,0,1,0,
381,Brazil,46+,Intermediate,"Gaming, Sports",19,7,16,26,0,26,15,14,13,1,0,0,1,0,0,1,0,
382,Japan,26-35,Advanced,"Music, Gaming",18,9,28,15,5,11,15,12,27,1,0,0,1,0,1,0,0,
383,UK,18-25,Advanced,"Cooking, Technology",20,3,10,17,15,10,11,14,0,1,0,0,0,1,0,0,1,
384,Brazil,36-45,Beginner,"Gaming, Sports",0,13,9,15,6,5,11,0,15,1,0,0,1,0,0,1,0,
385,Japan,36-45,Advanced,"Cooking, Sports",0,7,22,7,0,0,32,0,4,1,0,0,0,1,0,1,0,
386,India,36-45,Intermediate,"Sports, Technology",8,24,15,40,14,33,15,9,16,1,0,0,0,0,0,1,1,
387,India,26-35,Intermediate,"Technology, Gaming",7,9,2,6,4,2,9,0,9,1,0,0,1,0,0,0,1,
388,Japan,18-25,Beginner,"Music, Cooking",24,24,18,23,15,18,10,40,6,1,0,0,0,1,1,0,0,
389,India,46+,Intermediate,"Gaming, Cooking",24,13,8,4,8,0,22,19,0,1,0,0,1,1,0,0,0,
390,Japan,46+,Beginner,"Gaming, Technology",16,9,0,20,5,0,19,4,17,1,0,0,1,0,0,0,1,
391,Brazil,36-45,Intermediate,"Sports, Cooking",18,10,29,0,9,11,9,17,11,1,0,0,0,1,0,1,0,
392,Brazil,26-35,Beginner,"Sports, Music",16,22,18,7,3,7,15,0,38,1,0,0,0,0,1,1,0,
393,Japan,26-35,Advanced,"Cooking, Gaming",3,16,20,14,19,0,11,21,2,1,0,0,1,1,0,0,0,
394,Brazil,26-35,Intermediate,"Technology, Cooking",11,16,10,6,4,26,6,1,6,1,0,0,0,1,0,0,1,
395,Brazil,46+,Intermediate,"Cooking, Sports",33,15,23,34,43,20,23,2,17,1,0,0,0,1,0,1,0,
396,Brazil,36-45,Beginner,"Cooking, Technology",3,8,11,10,0,12,7,8,5,1,0,0,0,1,0,0,1,
397,USA,18-25,Beginner,"Gaming, Technology",14,3,16,20,3,20,10,9,11,1,0,0,1,0,0,0,1,
398,UK,46+,Intermediate,"Sports, Technology",3,7,26,0,14,14,0,8,0,1,0,0,0,0,0,1,1,
399,India,36-45,Beginner,"Sports, Technology",0,4,4,11,0,0,8,0,11,1,0,0,0,0,0,1,1,
400,USA,36-45,Intermediate,"Music, Sports",13,4,0,27,7,0,0,19,18,1,0,0,0,0,1,1,0,
401,Brazil,18-25,Advanced,"Cooking, Music",32,12,10,19,27,22,12,5,7,1,0,0,0,1,1,0,0,
402,Japan,18-25,Beginner,"Cooking, Music",11,17,13,17,0,9,27,8,14,1,0,0,0,1,1,0,0,
403,Brazil,18-25,Intermediate,"Sports, Cooking",7,11,0,18,9,7,16,4,0,1,0,0,0,1,0,1,0,
404,UK,26-35,Advanced,"Cooking, Sports",10,28,1,11,8,15,4,17,6,1,0,0,0,1,0,1,0,
405,Brazil,18-25,Advanced,"Gaming, Sports",8,4,0,0,3,0,9,0,0,1,0,0,1,0,0,1,0,
406,Japan,36-45,Intermediate,"Technology, Music",8,8,14,0,4,14,5,7,0,1,0,0,0,0,1,0,1,
407,UK,18-25,Beginner,"Gaming, Cooking",11,0,9,3,11,0,9,3,0,1,0,0,1,1,0,0,0,
408,Brazil,36-45,Intermediate,"Sports, Music",20,12,7,14,16,21,4,12,0,1,0,0,0,0,1,1,0,
409,UK,46+,Advanced,"Cooking, Gaming",11,8,22,0,13,8,7,6,7,1,0,0,1,1,0,0,0,
410,India,26-35,Intermediate,"Sports, Technology",6,14,12,5,7,0,5,11,14,1,0,0,0,0,0,1,1,
411,India,46+,Beginner,"Cooking, Technology",17,12,12,16,16,5,7,7,22,1,0,0,0,1,0,0,1,
412,Brazil,46+,Advanced,"Sports, Cooking",11,10,14,5,22,9,3,4,2,1,0,0,0,1,0,1,0,
413,UK,36-45,Intermediate,"Music, Gaming",6,7,8,3,11,0,7,6,0,1,0,0,1,0,1,0,0,
414,Japan,46+,Beginner,"Cooking, Gaming",27,0,14,9,12,16,7,10,5,1,0,0,1,1,0,0,0,
415,Brazil,36-45,Advanced,"Sports, Technology",4,23,9,35,16,12,13,0,30,1,0,0,0,0,0,1,1,
416,India,18-25,Beginner,"Gaming, Technology",0,27,11,30,7,6,4,23,28,1,0,0,1,0,0,0,1,
417,India,18-25,Advanced,"Technology, Cooking",11,6,10,7,11,0,8,15,0,1,0,0,0,1,0,0,1,
418,Brazil,36-45,Intermediate,"Sports, Gaming",15,0,9,8,1,6,7,7,11,1,0,0,1,0,0,1,0,
419,UK,18-25,Beginner,"Sports, Technology",10,25,15,19,19,4,7,0,39,1,0,0,0,0,0,1,1,
420,India,26-35,Advanced,"Technology, Music",12,4,21,16,7,9,6,13,18,1,0,0,0,0,1,0,1,
421,UK,46+,Beginner,"Sports, Cooking",0,5,35,13,23,7,9,14,0,1,0,0,0,1,0,1,0,
422,India,26-35,Beginner,"Music, Cooking",3,35,8,0,8,7,8,15,8,1,0,0,0,1,1,0,0,
423,India,46+,Intermediate,"Sports, Gaming",6,14,13,9,3,6,17,11,5,1,0,0,1,0,0,1,0,
424,USA,18-25,Beginner,"Technology, Music",8,7,7,15,0,11,1,15,10,1,0,0,0,0,1,0,1,
425,India,26-35,Advanced,"Gaming, Sports",15,10,7,13,9,7,7,6,16,1,0,0,1,0,0,1,0,
426,Japan,18-25,Advanced,"Music, Cooking",17,16,16,2,7,9,2,8,25,1,0,0,0,1,1,0,0,
427,Brazil,46+,Advanced,"Technology, Gaming",26,0,23,20,7,14,24,10,14,1,0,0,1,0,0,0,1,
428,Brazil,36-45,Advanced,"Music, Technology",6,3,25,3,7,6,13,8,3,1,0,0,0,0,1,0,1,
429,UK,36-45,Intermediate,"Music, Technology",0,1,10,0,1,0,9,0,1,1,0,0,0,0,1,0,1,
430,India,26-35,Beginner,"Music, Sports",27,12,0,20,4,18,7,22,8,1,0,0,0,0,1,1,0,
431,Japan,18-25,Intermediate,"Technology, Music",16,16,12,14,14,30,7,7,0,1,0,0,0,0,1,0,1,
432,UK,18-25,Beginner,"Music, Gaming",24,21,10,1,5,16,2,18,15,1,0,0,1,0,1,0,0,
433,USA,26-35,Beginner,"Gaming, Music",21,8,20,22,12,13,6,17,23,1,0,0,1,0,1,0,0,
434,UK,36-45,Beginner,"Cooking, Sports",8,8,0,26,7,15,1,7,12,1,0,0,0,1,0,1,0,
435,UK,46+,Intermediate,"Cooking, Gaming",4,14,12,4,9,5,8,5,7,1,0,0,1,1,0,0,0,
436,India,26-35,Beginner,"Sports, Music",11,0,12,4,4,7,9,0,7,1,0,0,0,0,1,1,0,
437,USA,46+,Intermediate,"Gaming, Music",35,0,23,9,13,0,20,26,8,1,0,0,1,0,1,0,0,
438,UK,36-45,Advanced,"Technology, Gaming",21,11,19,14,21,10,17,15,2,1,0,0,1,0,0,0,1,
439,Japan,18-25,Advanced,"Sports, Cooking",22,15,5,6,20,7,9,7,5,1,0,0,0,1,0,1,0,
440,Japan,36-45,Beginner,"Technology, Cooking",18,19,9,5,0,13,14,7,17,1,0,0,0,1,0,0,1,
441,Brazil,26-35,Intermediate,"Gaming, Cooking",15,14,27,6,9,10,3,27,13,1,0,0,1,1,0,0,0,
442,USA,18-25,Advanced,"Gaming, Sports",2,11,25,11,9,12,3,18,7,1,0,0,1,0,0,1,0,
443,USA,26-35,Intermediate,"Music, Gaming",0,24,25,14,5,17,0,25,16,1,0,0,1,0,1,0,0,
444,Brazil,26-35,Intermediate,"Sports, Technology",9,31,8,6,7,13,5,14,15,1,0,0,0,0,0,1,1,
445,UK,36-45,Beginner,"Technology, Cooking",15,17,12,14,17,7,4,12,18,1,0,0,0,1,0,0,1,
446,USA,26-35,Advanced,"Technology, Music",9,7,13,38,6,23,10,9,19,1,0,0,0,0,1,0,1,
447,Japan,36-45,Beginner,"Music, Sports",12,16,3,3,14,8,0,9,3,1,0,0,0,0,1,1,0,
448,Japan,18-25,Beginner,"Gaming, Sports",14,4,20,9,4,3,20,11,9,1,0,0,1,0,0,1,0,
449,India,36-45,Advanced,"Gaming, Sports",3,19,0,8,6,0,5,10,9,1,0,0,1,0,0,1,0,
450,USA,18-25,Advanced,"Sports, Music",0,5,0,0,0,0,5,0,0,1,0,0,0,0,1,1,0,
451,UK,36-45,Intermediate,"Cooking, Music",6,6,26,9,0,15,14,12,6,1,0,0,0,1,1,0,0,
452,Brazil,46+,Advanced,"Cooking, Technology",19,7,6,1,1,0,13,6,13,1,0,0,0,1,0,0,1,
453,Brazil,46+,Intermediate,"Technology, Cooking",20,7,6,21,6,8,9,13,18,1,0,0,0,1,0,0,1,
454,UK,26-35,Intermediate,"Music, Cooking",25,28,5,2,3,20,1,20,16,1,0,0,0,1,1,0,0,
455,India,36-45,Intermediate,"Gaming, Music",14,14,12,27,9,14,23,0,21,1,0,0,1,0,1,0,0,
456,Brazil,36-45,Advanced,"Music, Technology",4,9,22,6,8,24,0,3,6,1,0,0,0,0,1,0,1,
457,USA,18-25,Beginner,"Technology, Gaming",6,9,0,20,6,9,0,11,9,1,0,0,1,0,0,0,1,
458,India,26-35,Intermediate,"Cooking, Technology",3,12,20,0,15,6,13,1,0,1,0,0,0,1,0,0,1,
459,USA,36-45,Beginner,"Cooking, Technology",9,10,7,9,4,10,17,1,3,1,0,0,0,1,0,0,1,
460,Japan,26-35,Beginner,"Gaming, Sports",10,3,8,20,2,0,19,11,9,1,0,0,1,0,0,1,0,
461,India,46+,Advanced,"Cooking, Technology",3,6,4,21,12,1,12,8,1,1,0,0,0,1,0,0,1,
462,Brazil,36-45,Beginner,"Technology, Music",24,26,9,16,0,17,18,24,16,1,0,0,0,0,1,0,1,
463,India,36-45,Beginner,"Cooking, Gaming",48,35,15,19,9,15,43,21,29,1,0,0,1,1,0,0,0,
464,India,26-35,Advanced,"Gaming, Cooking",12,9,0,13,5,0,14,9,6,1,0,0,1,1,0,0,0,
465,India,36-45,Intermediate,"Cooking, Gaming",12,31,21,4,15,16,11,13,13,1,0,0,1,1,0,0,0,
466,India,26-35,Beginner,"Sports, Music",11,28,17,27,20,1,19,18,25,1,0,0,0,0,1,1,0,
467,USA,36-45,Advanced,"Technology, Gaming",18,10,8,16,8,15,19,8,2,1,0,0,1,0,0,0,1,
468,Japan,18-25,Beginner,"Gaming, Sports",14,6,13,3,12,0,8,0,16,1,0,0,1,0,0,1,0,
469,UK,26-35,Beginner,"Technology, Sports",13,8,24,0,7,9,0,14,15,1,0,0,0,0,0,1,1,
470,India,36-45,Intermediate,"Music, Gaming",17,8,11,17,24,7,13,7,2,1,0,0,1,0,1,0,0,
471,Brazil,46+,Beginner,"Cooking, Gaming",24,0,26,10,6,28,5,5,16,1,0,0,1,1,0,0,0,
472,India,36-45,Advanced,"Music, Gaming",23,7,3,0,19,2,0,1,11,1,0,0,1,0,1,0,0,
473,Brazil,46+,Beginner,"Sports, Music",18,22,19,14,24,28,15,0,6,1,0,0,0,0,1,1,0,
474,USA,46+,Intermediate,"Gaming, Sports",29,5,3,7,13,4,6,12,9,1,0,0,1,0,0,1,0,
475,Brazil,18-25,Intermediate,"Technology, Music",1,5,23,13,4,6,16,1,15,1,0,0,0,0,1,0,1,
476,UK,26-35,Advanced,"Cooking, Sports",9,23,9,11,0,11,17,12,12,1,0,0,0,1,0,1,0,
477,Japan,36-45,Intermediate,"Music, Cooking",26,12,24,0,14,8,9,5,26,1,0,0,0,1,1,0,0,
478,Brazil,18-25,Beginner,"Sports, Music",21,7,26,7,5,13,12,5,26,1,0,0,0,0,1,1,0,
479,Brazil,36-45,Intermediate,"Technology, Sports",3,15,17,11,16,16,9,5,0,1,0,0,0,0,0,1,1,
480,Japan,46+,Advanced,"Gaming, Technology",17,8,12,7,7,13,16,0,8,1,0,0,1,0,0,0,1,
481,UK,26-35,Intermediate,"Gaming, Music",31,28,28,0,20,20,9,22,16,1,0,0,1,0,1,0,0,
482,India,36-45,Intermediate,"Sports, Cooking",6,10,21,11,11,12,6,14,5,1,0,0,0,1,0,1,0,
483,Brazil,36-45,Intermediate,"Gaming, Sports",11,2,9,28,8,8,18,14,2,1,0,0,1,0,0,1,0,
484,Japan,46+,Advanced,"Sports, Technology",16,16,8,5,5,10,20,0,10,1,0,0,0,0,0,1,1,
485,USA,36-45,Intermediate,"Technology, Gaming",24,15,3,32,0,19,30,24,1,1,0,0,1,0,0,0,1,
486,Japan,36-45,Intermediate,"Sports, Gaming",5,10,8,34,14,23,5,1,14,1,0,0,1,0,0,1,0,
487,USA,46+,Beginner,"Gaming, Technology",12,12,0,8,19,0,8,0,5,1,0,0,1,0,0,0,1,
488,UK,18-25,Advanced,"Sports, Music",9,1,5,8,14,0,1,8,0,1,0,0,0,0,1,1,0,
489,India,46+,Intermediate,"Cooking, Music",15,1,15,0,15,9,1,0,6,1,0,0,0,1,1,0,0,
490,Japan,18-25,Advanced,"Music, Sports",16,1,5,21,0,11,9,16,7,1,0,0,0,0,1,1,0,
491,Brazil,26-35,Intermediate,"Sports, Cooking",28,11,8,25,43,5,10,14,0,1,0,0,0,1,0,1,0,
492,UK,18-25,Intermediate,"Cooking, Sports",0,19,20,10,16,7,0,18,8,1,0,0,0,1,0,1,0,
493,Japan,18-25,Intermediate,"Gaming, Cooking",0,14,7,14,9,3,13,4,6,1,0,0,1,1,0,0,0,
494,Brazil,26-35,Beginner,"Technology, Sports",0,31,9,7,1,16,9,21,0,1,0,0,0,0,0,1,1,
495,Japan,18-25,Beginner,"Gaming, Sports",13,18,21,8,19,15,4,2,20,1,0,0,1,0,0,1,0,
496,USA,46+,Beginner,"Sports, Cooking",7,3,6,21,3,6,4,14,10,1,0,0,0,1,0,1,0,
497,Japan,18-25,Advanced,"Gaming, Music",1,19,36,7,6,37,8,12,0,1,0,0,1,0,1,0,0,
498,Japan,26-35,Advanced,"Music, Technology",1,0,14,11,3,5,7,2,9,1,0,0,0,0,1,0,1,
499,Japan,46+,Beginner,"Cooking, Music",14,10,1,0,6,0,10,0,9,1,0,0,0,1,1,0,0,
500,UK,26-35,Advanced,"Sports, Technology",2,19,9,5,2,1,0,23,9,1,0,0,0,0,0,1,1,
501,Japan,26-35,Intermediate,"Sports, Gaming",32,12,30,4,23,21,8,8,18,1,0,0,1,0,0,1,0,
502,Brazil,36-45,Intermediate,"Sports, Gaming",36,16,14,38,9,31,15,27,22,1,0,0,1,0,0,1,0,
503,USA,36-45,Intermediate,"Gaming, Cooking",2,16,0,12,0,3,16,10,1,1,0,0,1,1,0,0,0,
504,USA,26-35,Beginner,"Sports, Technology",2,2,4,22,11,4,13,2,0,1,0,0,0,0,0,1,1,
505,Japan,26-35,Advanced,"Cooking, Sports",22,8,2,26,8,16,13,21,0,1,0,0,0,1,0,1,0,
506,UK,26-35,Beginner,"Gaming, Music",10,6,0,0,0,0,6,0,10,1,0,0,1,0,1,0,0,
507,UK,36-45,Advanced,"Sports, Cooking",17,6,6,13,1,0,17,24,0,1,0,0,0,1,0,1,0,
508,Brazil,36-45,Intermediate,"Music, Sports",12,31,5,18,0,26,35,5,0,1,0,0,0,0,1,1,0,
509,Japan,18-25,Beginner,"Gaming, Music",21,11,0,4,0,5,6,15,10,1,0,0,1,0,1,0,0,
510,USA,18-25,Advanced,"Music, Sports",7,5,18,15,4,14,13,0,14,1,0,0,0,0,1,1,0,
511,UK,26-35,Advanced,"Technology, Gaming",4,18,6,10,4,6,11,12,5,1,0,0,1,0,0,0,1,
512,Japan,46+,Intermediate,"Gaming, Sports",18,15,0,20,15,1,22,9,6,1,0,0,1,0,0,1,0,
513,UK,46+,Beginner,"Technology, Gaming",14,20,10,4,6,7,7,22,6,1,0,0,1,0,0,0,1,
514,UK,36-45,Beginner,"Gaming, Technology",9,5,8,0,14,8,0,0,0,1,0,0,1,0,0,0,1,
515,USA,36-45,Beginner,"Gaming, Sports",19,8,6,7,6,7,0,8,19,1,0,0,1,0,0,1,0,
516,India,36-45,Intermediate,"Cooking, Gaming",4,2,29,4,0,12,27,0,0,1,0,0,1,1,0,0,0,
517,Brazil,26-35,Beginner,"Sports, Cooking",0,10,7,8,0,3,10,12,0,1,0,0,0,1,0,1,0,
518,Brazil,46+,Intermediate,"Technology, Cooking",19,0,4,13,6,0,4,17,9,1,0,0,0,1,0,0,1,
519,USA,18-25,Intermediate,"Music, Technology",10,9,16,17,5,22,1,19,5,1,0,0,0,0,1,0,1,
520,UK,26-35,Intermediate,"Sports, Technology",23,3,22,15,5,20,12,14,12,1,0,0,0,0,0,1,1,
521,Japan,18-25,Advanced,"Music, Sports",0,30,28,40,33,12,10,28,15,1,0,0,0,0,1,1,0,
522,UK,18-25,Beginner,"Cooking, Music",6,12,10,13,4,9,10,9,9,1,0,0,0,1,1,0,0,
523,USA,26-35,Beginner,"Sports, Cooking",9,15,6,6,4,9,6,3,14,1,0,0,0,1,0,1,0,
524,Brazil,18-25,Intermediate,"Technology, Sports",11,1,25,25,8,13,9,25,7,1,0,0,0,0,0,1,1,
525,UK,46+,Intermediate,"Sports, Music",11,6,13,4,6,0,0,20,8,1,0,0,0,0,1,1,0,
526,Brazil,18-25,Beginner,"Technology, Sports",14,33,17,7,13,25,8,4,21,1,0,0,0,0,0,1,1,
527,Japan,46+,Intermediate,"Music, Sports",25,28,20,14,72,0,7,3,5,1,0,0,0,0,1,1,0,
528,Brazil,46+,Beginner,"Cooking, Sports",27,19,5,3,21,5,16,12,0,1,0,0,0,1,0,1,0,
529,Brazil,46+,Advanced,"Cooking, Sports",6,7,18,15,5,15,7,14,5,1,0,0,0,1,0,1,0,
530,India,36-45,Intermediate,"Gaming, Technology",14,30,9,2,0,8,7,20,20,1,0,0,1,0,0,0,1,
531,India,18-25,Beginner,"Music, Sports",17,8,17,14,19,4,0,11,22,1,0,0,0,0,1,1,0,
532,India,26-35,Intermediate,"Music, Cooking",7,19,19,17,19,8,11,11,13,1,0,0,0,1,1,0,0,
533,Brazil,26-35,Beginner,"Technology, Cooking",16,9,12,7,10,10,9,0,15,1,0,0,0,1,0,0,1,
534,USA,18-25,Beginner,"Sports, Technology",8,27,7,4,16,5,5,15,5,1,0,0,0,0,0,1,1,
535,Brazil,36-45,Intermediate,"Sports, Gaming",6,13,17,21,3,21,7,17,9,1,0,0,1,0,0,1,0,
536,USA,36-45,Advanced,"Cooking, Gaming",8,9,11,20,9,9,1,11,18,1,0,0,1,1,0,0,0,
537,USA,46+,Beginner,"Music, Gaming",8,37,13,5,25,1,17,14,6,1,0,0,1,0,1,0,0,
538,India,18-25,Beginner,"Gaming, Sports",9,15,5,9,9,0,24,5,0,1,0,0,1,0,0,1,0,
539,UK,18-25,Beginner,"Technology, Cooking",29,14,10,15,30,1,7,22,8,1,0,0,0,1,0,0,1,
540,Japan,26-35,Advanced,"Cooking, Technology",28,32,13,20,14,4,30,38,7,1,0,0,0,1,0,0,1,
541,India,18-25,Advanced,"Music, Gaming",11,22,9,6,9,6,12,0,21,1,0,0,1,0,1,0,0,
542,India,36-45,Intermediate,"Gaming, Sports",16,4,34,4,2,15,3,18,20,1,0,0,1,0,0,1,0,
543,UK,18-25,Advanced,"Sports, Gaming",3,16,10,14,11,16,7,9,0,1,0,0,1,0,0,1,0,
544,Japan,26-35,Intermediate,"Gaming, Cooking",20,3,11,13,0,9,33,5,0,1,0,0,1,1,0,0,0,
545,Brazil,46+,Intermediate,"Gaming, Sports",21,31,20,15,10,13,24,31,9,1,0,0,1,0,0,1,0,
546,Brazil,26-35,Advanced,"Gaming, Cooking",8,29,17,18,8,10,13,17,24,1,0,0,1,1,0,0,0,
547,India,26-35,Intermediate,"Gaming, Cooking",13,1,10,2,9,2,1,13,1,1,0,0,1,1,0,0,0,
548,Japan,46+,Advanced,"Gaming, Technology",16,20,20,8,24,13,0,9,18,1,0,0,1,0,0,0,1,
549,India,26-35,Intermediate,"Sports, Cooking",19,38,15,9,12,13,29,12,15,1,0,0,0,1,0,1,0,
550,USA,26-35,Advanced,"Sports, Technology",9,18,11,6,12,19,8,5,0,1,0,0,0,0,0,1,1,
551,India,18-25,Advanced,"Music, Cooking",7,14,7,12,0,21,0,19,0,1,0,0,0,1,1,0,0,
552,India,18-25,Intermediate,"Music, Technology",12,12,2,23,23,13,0,11,2,1,0,0,0,0,1,0,1,
553,Brazil,46+,Beginner,"Technology, Music",3,24,33,0,9,13,17,18,3,1,0,0,0,0,1,0,1,
554,Brazil,18-25,Intermediate,"Cooking, Sports",7,26,6,16,12,22,7,0,14,1,0,0,0,1,0,1,0,
555,Brazil,18-25,Advanced,"Technology, Cooking",0,11,10,25,12,7,10,9,8,1,0,0,0,1,0,0,1,
556,USA,26-35,Beginner,"Music, Sports",9,0,16,14,9,0,2,21,7,1,0,0,0,0,1,1,0,
557,Brazil,36-45,Intermediate,"Sports, Technology",24,16,17,34,6,24,8,18,35,1,0,0,0,0,0,1,1,
558,Japan,18-25,Intermediate,"Music, Technology",14,8,11,4,12,0,0,9,16,1,0,0,0,0,1,0,1,
559,UK,36-45,Intermediate,"Music, Gaming",58,13,11,18,27,29,12,17,15,1,0,0,1,0,1,0,0,
560,Japan,18-25,Beginner,"Gaming, Sports",39,7,15,30,17,18,21,14,21,1,0,0,1,0,0,1,0,
561,Japan,18-25,Advanced,"Cooking, Technology",6,19,13,4,0,4,16,15,7,1,0,0,0,1,0,0,1,
562,Brazil,46+,Intermediate,"Gaming, Music",9,13,2,5,7,11,0,7,4,1,0,0,1,0,1,0,0,
563,UK,46+,Intermediate,"Technology, Gaming",3,13,0,1,6,0,9,0,2,1,0,0,1,0,0,0,1,
564,UK,46+,Intermediate,"Technology, Music",18,1,2,31,14,12,8,12,6,1,0,0,0,0,1,0,1,
565,UK,36-45,Intermediate,"Technology, Gaming",11,7,19,29,4,20,14,15,13,1,0,0,1,0,0,0,1,
566,USA,26-35,Intermediate,"Music, Sports",7,3,16,25,2,15,11,17,6,1,0,0,0,0,1,1,0,
567,Brazil,18-25,Advanced,"Technology, Cooking",16,9,15,24,8,9,16,30,1,1,0,0,0,1,0,0,1,
568,UK,18-25,Advanced,"Sports, Technology",5,22,15,17,3,14,38,4,0,1,0,0,0,0,0,1,1,
569,USA,18-25,Intermediate,"Music, Cooking",12,21,12,2,6,31,10,0,0,1,0,0,0,1,1,0,0,
570,India,36-45,Beginner,"Gaming, Cooking",0,22,12,19,20,9,16,8,0,1,0,0,1,1,0,0,0,
571,India,46+,Advanced,"Technology, Sports",0,21,7,0,0,22,0,6,0,1,0,0,0,0,0,1,1,
572,USA,26-35,Beginner,"Cooking, Gaming",42,8,20,12,19,10,4,33,16,1,0,0,1,1,0,0,0,
573,USA,36-45,Advanced,"Music, Technology",15,35,13,7,0,11,18,0,41,1,0,0,0,0,1,0,1,
574,Brazil,46+,Intermediate,"Cooking, Music",13,9,21,7,0,22,5,8,15,1,0,0,0,1,1,0,0,
575,Brazil,36-45,Advanced,"Cooking, Sports",24,0,0,5,7,4,10,0,8,1,0,0,0,1,0,1,0,
576,India,26-35,Intermediate,"Gaming, Music",28,12,9,9,2,5,34,17,0,1,0,0,1,0,1,0,0,
577,UK,46+,Advanced,"Music, Technology",6,11,24,6,0,0,16,16,15,1,0,0,0,0,1,0,1,
578,India,36-45,Intermediate,"Sports, Cooking",7,7,40,12,13,12,19,15,7,1,0,0,0,1,0,1,0,
579,UK,26-35,Intermediate,"Sports, Gaming",5,14,17,17,27,15,0,11,0,1,0,0,1,0,0,1,0,
580,UK,18-25,Intermediate,"Gaming, Music",28,10,18,9,14,22,10,6,13,1,0,0,1,0,1,0,0,
581,Brazil,26-35,Intermediate,"Cooking, Gaming",20,11,21,11,16,12,8,0,27,1,0,0,1,1,0,0,0,
582,Japan,18-25,Beginner,"Technology, Cooking",6,7,23,24,5,8,6,29,12,1,0,0,0,1,0,0,1,
583,Japan,36-45,Intermediate,"Cooking, Sports",7,15,12,23,0,17,1,27,12,1,0,0,0,1,0,1,0,
584,USA,46+,Beginner,"Cooking, Music",28,0,8,7,16,19,0,5,3,1,0,0,0,1,1,0,0,
585,Brazil,46+,Beginner,"Cooking, Gaming",19,5,31,5,10,9,11,13,17,1,0,0,1,1,0,0,0,
586,UK,36-45,Intermediate,"Gaming, Sports",7,8,9,11,0,7,9,12,7,1,0,0,1,0,0,1,0,
587,Japan,46+,Beginner,"Cooking, Music",7,23,6,5,4,13,8,16,0,1,0,0,0,1,1,0,0,
588,UK,46+,Advanced,"Technology, Sports",1,27,27,10,11,1,21,6,26,1,0,0,0,0,0,1,1,
589,Japan,18-25,Intermediate,"Sports, Gaming",11,12,13,20,30,9,7,9,1,1,0,0,1,0,0,1,0,
590,Japan,36-45,Beginner,"Music, Cooking",8,5,23,10,9,0,7,5,25,1,0,0,0,1,1,0,0,
591,Japan,26-35,Intermediate,"Cooking, Technology",31,16,0,21,9,14,21,6,18,1,0,0,0,1,0,0,1,
592,Brazil,18-25,Intermediate,"Gaming, Sports",7,8,25,0,0,22,10,8,0,1,0,0,1,0,0,1,0,
593,India,36-45,Intermediate,"Sports, Cooking",22,6,13,9,4,16,12,5,13,1,0,0,0,1,0,1,0,
594,UK,18-25,Beginner,"Gaming, Cooking",15,18,14,0,14,11,5,10,7,1,0,0,1,1,0,0,0,
595,Brazil,26-35,Advanced,"Technology, Sports",21,4,8,6,12,10,7,6,4,1,0,0,0,0,0,1,1,
596,Brazil,26-35,Advanced,"Cooking, Sports",2,15,6,30,12,6,5,0,30,1,0,0,0,1,0,1,0,
597,Brazil,36-45,Beginner,"Music, Gaming",4,3,7,16,15,0,0,9,6,1,0,0,1,0,1,0,0,
598,Brazil,26-35,Intermediate,"Music, Gaming",22,3,34,14,19,20,6,7,21,1,0,0,1,0,1,0,0,
599,Brazil,18-25,Beginner,"Cooking, Gaming",12,21,9,2,8,9,12,0,15,1,0,0,1,1,0,0,0,
600,USA,26-35,Beginner,"Gaming, Technology",31,28,13,24,12,20,26,23,15,1,0,0,1,0,0,0,1,
601,UK,18-25,Beginner,"Technology, Gaming",25,5,24,10,21,1,10,32,0,1,0,0,1,0,0,0,1,
602,Brazil,18-25,Intermediate,"Cooking, Music",5,15,0,31,15,6,2,12,16,1,0,0,0,1,1,0,0,
603,UK,26-35,Beginner,"Cooking, Technology",28,16,20,0,9,12,8,16,19,1,0,0,0,1,0,0,1,
604,USA,36-45,Intermediate,"Technology, Music",20,0,10,26,19,7,14,16,0,1,0,0,0,0,1,0,1,
605,USA,46+,Beginner,"Sports, Cooking",2,20,6,26,5,14,8,15,12,1,0,0,0,1,0,1,0,
606,UK,26-35,Advanced,"Technology, Sports",20,5,2,9,5,5,14,0,12,1,0,0,0,0,0,1,1,
607,Japan,18-25,Beginner,"Technology, Sports",10,5,10,5,8,11,7,4,0,1,0,0,0,0,0,1,1,
608,India,18-25,Beginner,"Gaming, Music",11,10,9,20,1,15,0,27,7,1,0,0,1,0,1,0,0,
609,Japan,26-35,Advanced,"Cooking, Technology",12,8,22,6,9,11,16,0,12,1,0,0,0,1,0,0,1,
610,Japan,36-45,Intermediate,"Gaming, Music",9,21,9,8,0,9,9,18,11,1,0,0,1,0,1,0,0,
611,Japan,36-45,Intermediate,"Gaming, Technology",28,18,15,32,24,16,17,12,24,1,0,0,1,0,0,0,1,
612,Brazil,18-25,Beginner,"Music, Sports",0,4,0,19,0,9,4,0,10,1,0,0,0,0,1,1,0,
613,USA,18-25,Advanced,"Technology, Music",15,0,15,14,11,13,0,9,11,1,0,0,0,0,1,0,1,
614,Japan,36-45,Intermediate,"Gaming, Technology",8,11,39,12,8,9,11,26,16,1,0,0,1,0,0,0,1,
615,USA,46+,Beginner,"Music, Cooking",8,12,4,18,9,3,3,18,9,1,0,0,0,1,1,0,0,
616,UK,26-35,Advanced,"Music, Sports",17,5,18,56,11,25,14,25,21,1,0,0,0,0,1,1,0,
617,India,18-25,Intermediate,"Gaming, Cooking",10,10,13,14,7,0,9,13,18,1,0,0,1,1,0,0,0,
618,UK,18-25,Intermediate,"Cooking, Sports",3,21,27,37,11,19,13,30,15,1,0,0,0,1,0,1,0,
619,UK,36-45,Advanced,"Sports, Cooking",21,23,27,11,14,14,0,18,36,1,0,0,0,1,0,1,0,
620,Brazil,26-35,Advanced,"Technology, Cooking",39,6,6,20,14,15,26,9,7,1,0,0,0,1,0,0,1,
621,India,36-45,Advanced,"Sports, Music",5,5,18,14,16,15,5,0,6,1,0,0,0,0,1,1,0,
622,UK,26-35,Advanced,"Cooking, Technology",10,0,32,31,11,16,29,4,13,1,0,0,0,1,0,0,1,
623,UK,26-35,Beginner,"Gaming, Music",9,13,11,6,11,3,8,13,4,1,0,0,1,0,1,0,0,
624,India,26-35,Advanced,"Cooking, Technology",1,4,8,9,4,3,0,2,13,1,0,0,0,1,0,0,1,
625,India,18-25,Intermediate,"Music, Cooking",0,26,14,21,0,20,16,14,11,1,0,0,0,1,1,0,0,
626,UK,46+,Intermediate,"Sports, Music",0,17,20,5,9,8,0,2,23,1,0,0,0,0,1,1,0,
627,India,36-45,Beginner,"Technology, Gaming",14,10,30,0,15,19,8,0,12,1,0,0,1,0,0,0,1,
628,UK,46+,Intermediate,"Music, Gaming",10,0,7,12,0,3,9,7,10,1,0,0,1,0,1,0,0,
629,UK,36-45,Intermediate,"Gaming, Music",0,0,7,5,8,0,0,2,2,1,0,0,1,0,1,0,0,
630,Brazil,26-35,Advanced,"Technology, Gaming",8,15,6,10,0,16,6,6,11,1,0,0,1,0,0,0,1,
631,Japan,18-25,Intermediate,"Technology, Cooking",7,22,8,4,5,19,7,2,8,1,0,0,0,1,0,0,1,
632,UK,46+,Beginner,"Technology, Cooking",8,16,12,8,23,0,0,6,15,1,0,0,0,1,0,0,1,
633,USA,18-25,Advanced,"Technology, Sports",0,13,28,10,9,0,23,5,14,1,0,0,0,0,0,1,1,
634,Japan,36-45,Advanced,"Gaming, Technology",26,5,19,8,15,7,7,12,17,1,0,0,1,0,0,0,1,
635,Japan,18-25,Beginner,"Cooking, Music",10,7,4,4,11,0,5,5,4,1,0,0,0,1,1,0,0,
636,Japan,18-25,Advanced,"Technology, Music",8,24,24,45,26,18,22,18,17,1,0,0,0,0,1,0,1,
637,Brazil,46+,Advanced,"Gaming, Technology",13,15,6,22,0,10,16,6,24,1,0,0,1,0,0,0,1,
638,UK,26-35,Beginner,"Technology, Gaming",3,0,21,29,8,12,9,17,7,1,0,0,1,0,0,0,1,
639,Brazil,18-25,Advanced,"Music, Gaming",13,45,6,14,19,5,4,31,19,1,0,0,1,0,1,0,0,
640,UK,26-35,Beginner,"Gaming, Music",17,8,13,8,4,14,9,12,7,1,0,0,1,0,1,0,0,
641,Brazil,36-45,Beginner,"Technology, Gaming",0,20,12,4,4,3,0,8,21,1,0,0,1,0,0,0,1,
642,Brazil,18-25,Intermediate,"Cooking, Sports",18,4,17,9,6,8,15,7,12,1,0,0,0,1,0,1,0,
643,USA,46+,Intermediate,"Sports, Technology",8,0,14,13,2,5,15,0,13,1,0,0,0,0,0,1,1,
644,Brazil,36-45,Advanced,"Music, Gaming",6,5,7,4,0,7,0,5,10,1,0,0,1,0,1,0,0,
645,India,36-45,Advanced,"Music, Sports",22,27,20,13,25,30,7,11,9,1,0,0,0,0,1,1,0,
646,USA,46+,Beginner,"Cooking, Music",14,32,5,30,24,9,23,11,14,1,0,0,0,1,1,0,0,
647,Brazil,18-25,Advanced,"Technology, Gaming",12,0,10,6,1,1,4,13,9,1,0,0,1,0,0,0,1,
648,Japan,18-25,Beginner,"Music, Cooking",20,3,36,13,11,0,19,29,13,1,0,0,0,1,1,0,0,
649,India,36-45,Beginner,"Technology, Gaming",6,2,9,15,16,7,5,1,3,1,0,0,1,0,0,0,1,
650,India,18-25,Advanced,"Technology, Music",15,16,25,7,20,8,2,21,12,1,0,0,0,0,1,0,1,
651,India,26-35,Beginner,"Music, Gaming",0,9,35,18,17,0,17,19,9,1,0,0,1,0,1,0,0,
652,USA,46+,Intermediate,"Cooking, Technology",22,21,21,16,7,13,15,26,19,1,0,0,0,1,0,0,1,
653,Brazil,26-35,Advanced,"Technology, Gaming",19,2,16,4,14,9,8,0,10,1,0,0,1,0,0,0,1,
654,Brazil,18-25,Intermediate,"Technology, Cooking",3,20,7,15,7,12,3,23,0,1,0,0,0,1,0,0,1,
655,Japan,36-45,Advanced,"Cooking, Music",12,28,0,7,6,22,5,11,3,1,0,0,0,1,1,0,0,
656,Japan,46+,Beginner,"Sports, Gaming",4,18,21,22,12,12,21,14,6,1,0,0,1,0,0,1,0,
657,India,18-25,Advanced,"Technology, Music",0,6,30,31,18,2,19,14,14,1,0,0,0,0,1,0,1,
658,Japan,18-25,Intermediate,"Gaming, Cooking",9,13,2,5,0,5,9,13,2,1,0,0,1,1,0,0,0,
659,USA,36-45,Beginner,"Sports, Cooking",8,15,9,5,0,12,2,5,18,1,0,0,0,1,0,1,0,
660,Brazil,36-45,Advanced,"Music, Technology",9,21,7,2,8,6,11,4,10,1,0,0,0,0,1,0,1,
661,India,26-35,Advanced,"Technology, Cooking",18,15,11,8,21,15,0,4,12,1,0,0,0,1,0,0,1,
662,Japan,46+,Advanced,"Gaming, Music",9,27,35,8,35,18,8,9,9,1,0,0,1,0,1,0,0,
663,USA,46+,Intermediate,"Gaming, Sports",14,28,12,33,13,14,7,30,23,1,0,0,1,0,0,1,0,
664,USA,36-45,Intermediate,"Technology, Music",8,8,7,4,0,8,7,9,3,1,0,0,0,0,1,0,1,
665,Japan,26-35,Advanced,"Gaming, Sports",19,16,18,11,29,12,17,0,6,1,0,0,1,0,0,1,0,
666,Brazil,46+,Beginner,"Cooking, Technology",6,11,5,18,2,0,24,14,0,1,0,0,0,1,0,0,1,
667,Japan,36-45,Beginner,"Sports, Cooking",25,9,14,13,25,6,6,9,15,1,0,0,0,1,0,1,0,
668,India,18-25,Intermediate,"Cooking, Technology",6,6,3,14,2,4,6,17,0,1,0,0,0,1,0,0,1,
669,Japan,46+,Beginner,"Sports, Gaming",12,0,5,9,12,6,4,1,3,1,0,0,1,0,0,1,0,
670,USA,26-35,Intermediate,"Cooking, Music",3,13,27,7,7,8,0,25,10,1,0,0,0,1,1,0,0,
671,Japan,26-35,Advanced,"Music, Sports",8,4,14,9,0,4,9,15,7,1,0,0,0,0,1,1,0,
672,Brazil,26-35,Intermediate,"Music, Cooking",21,8,13,9,5,14,3,10,19,1,0,0,0,1,1,0,0,
673,UK,18-25,Intermediate,"Cooking, Music",4,8,0,10,4,3,15,0,0,1,0,0,0,1,1,0,0,
674,Japan,46+,Advanced,"Sports, Music",27,20,0,5,20,8,12,6,6,1,0,0,0,0,1,1,0,
675,Brazil,46+,Beginner,"Technology, Sports",22,8,30,12,0,7,22,19,24,1,0,0,0,0,0,1,1,
676,Brazil,18-25,Intermediate,"Sports, Gaming",8,14,6,10,8,7,7,4,12,1,0,0,1,0,0,1,0,
677,USA,46+,Intermediate,"Cooking, Sports",5,21,7,16,19,3,5,15,7,1,0,0,0,1,0,1,0,
678,Brazil,18-25,Advanced,"Music, Cooking",7,5,13,13,8,5,2,12,11,1,0,0,0,1,1,0,0,
679,Brazil,18-25,Beginner,"Music, Gaming",9,7,3,33,1,12,11,11,17,1,0,0,1,0,1,0,0,
680,Brazil,18-25,Intermediate,"Sports, Technology",7,1,7,12,8,0,5,7,7,1,0,0,0,0,0,1,1,
681,Brazil,26-35,Advanced,"Sports, Music",31,0,8,30,2,23,6,24,14,1,0,0,0,0,1,1,0,
682,India,46+,Intermediate,"Technology, Sports",16,8,10,16,28,8,0,4,10,1,0,0,0,0,0,1,1,
683,India,18-25,Advanced,"Cooking, Gaming",8,7,13,7,7,1,4,12,11,1,0,0,1,1,0,0,0,
684,USA,46+,Beginner,"Cooking, Gaming",18,7,0,18,9,2,9,8,15,1,0,0,1,1,0,0,0,
685,Japan,26-35,Beginner,"Technology, Gaming",8,5,8,2,4,4,10,2,3,1,0,0,1,0,0,0,1,
686,Brazil,18-25,Beginner,"Technology, Music",21,23,14,14,27,8,17,3,17,1,0,0,0,0,1,0,1,
687,Japan,36-45,Beginner,"Music, Technology",4,19,12,19,28,7,1,18,0,1,0,0,0,0,1,0,1,
688,Japan,26-35,Intermediate,"Cooking, Technology",10,14,12,0,8,9,9,2,8,1,0,0,0,1,0,0,1,
689,USA,36-45,Intermediate,"Music, Technology",5,12,11,5,6,1,3,6,17,1,0,0,0,0,1,0,1,
690,Brazil,46+,Beginner,"Music, Cooking",15,8,9,14,15,6,16,0,9,1,0,0,0,1,1,0,0,
691,Brazil,46+,Beginner,"Sports, Cooking",20,9,7,8,8,8,1,10,17,1,0,0,0,1,0,1,0,
692,UK,26-35,Beginner,"Technology, Cooking",18,20,9,18,21,26,9,0,9,1,0,0,0,1,0,0,1,
693,Japan,46+,Intermediate,"Sports, Gaming",14,0,29,7,7,0,17,8,18,1,0,0,1,0,0,1,0,
694,Japan,36-45,Beginner,"Cooking, Sports",0,22,16,0,4,16,3,5,10,1,0,0,0,1,0,1,0,
695,India,18-25,Beginner,"Technology, Music",16,4,6,24,22,0,9,7,12,1,0,0,0,0,1,0,1,
696,UK,18-25,Beginner,"Sports, Music",6,25,7,48,8,15,28,11,24,1,0,0,0,0,1,1,0,
697,India,18-25,Advanced,"Sports, Technology",19,33,12,6,13,10,24,6,17,1,0,0,0,0,0,1,1,
698,India,26-35,Beginner,"Gaming, Cooking",23,24,3,9,9,11,8,20,11,1,0,0,1,1,0,0,0,
699,India,46+,Advanced,"Sports, Cooking",8,12,18,40,16,28,23,6,5,1,0,0,0,1,0,1,0,
700,USA,36-45,Advanced,"Cooking, Gaming",11,3,29,3,5,1,22,7,11,1,0,0,1,1,0,0,0,
701,USA,46+,Beginner,"Gaming, Technology",9,19,18,16,18,12,6,17,9,1,0,0,1,0,0,0,1,
702,India,46+,Advanced,"Sports, Gaming",31,9,23,21,32,6,14,23,9,1,0,0,1,0,0,1,0,
703,UK,46+,Beginner,"Gaming, Technology",0,20,16,27,14,4,13,3,29,1,0,0,1,0,0,0,1,
704,Japan,18-25,Intermediate,"Sports, Technology",0,40,9,8,11,11,6,29,0,1,0,0,0,0,0,1,1,
705,UK,36-45,Intermediate,"Technology, Music",17,44,11,6,17,18,11,32,0,1,0,0,0,0,1,0,1,
706,Brazil,36-45,Intermediate,"Technology, Gaming",5,12,9,13,9,11,3,0,16,1,0,0,1,0,0,0,1,
707,USA,46+,Intermediate,"Gaming, Technology",4,21,12,15,9,4,21,12,6,1,0,0,1,0,0,0,1,
708,Japan,18-25,Advanced,"Technology, Cooking",17,21,9,5,0,1,23,22,6,1,0,0,0,1,0,0,1,
709,Japan,18-25,Beginner,"Technology, Music",0,12,31,22,5,5,22,25,8,1,0,0,0,0,1,0,1,
710,Brazil,36-45,Beginner,"Gaming, Music",45,0,10,8,16,9,19,2,17,1,0,0,1,0,1,0,0,
711,Brazil,18-25,Beginner,"Cooking, Technology",28,20,5,14,0,27,13,19,8,1,0,0,0,1,0,0,1,
712,India,18-25,Intermediate,"Gaming, Cooking",22,1,0,22,20,0,11,11,3,1,0,0,1,1,0,0,0,
713,USA,18-25,Intermediate,"Sports, Cooking",6,10,13,0,5,0,10,1,13,1,0,0,0,1,0,1,0,
714,USA,26-35,Beginner,"Gaming, Technology",20,0,16,7,10,6,10,3,14,1,0,0,1,0,0,0,1,
715,UK,46+,Intermediate,"Sports, Music",5,30,15,2,2,3,9,10,28,1,0,0,0,0,1,1,0,
716,India,36-45,Beginner,"Gaming, Technology",6,8,24,10,10,7,1,8,22,1,0,0,1,0,0,0,1,
717,India,36-45,Beginner,"Sports, Gaming",29,19,21,12,19,22,26,8,6,1,0,0,1,0,0,1,0,
718,India,26-35,Beginner,"Technology, Cooking",7,12,6,11,15,0,2,14,5,1,0,0,0,1,0,0,1,
719,India,46+,Beginner,"Music, Sports",17,22,9,13,15,18,5,11,12,1,0,0,0,0,1,1,0,
720,USA,36-45,Beginner,"Gaming, Technology",20,4,10,0,5,6,7,7,9,1,0,0,1,0,0,0,1,
721,USA,18-25,Beginner,"Gaming, Cooking",14,7,19,0,19,11,10,0,0,1,0,0,1,1,0,0,0,
722,India,36-45,Beginner,"Music, Sports",21,16,11,21,4,19,2,18,26,1,0,0,0,0,1,1,0,
723,UK,18-25,Intermediate,"Sports, Technology",3,9,0,8,0,5,0,15,0,1,0,0,0,0,0,1,1,
724,Japan,26-35,Beginner,"Music, Technology",0,5,1,12,7,0,4,0,7,1,0,0,0,0,1,0,1,
725,Japan,18-25,Beginner,"Music, Sports",7,0,36,17,15,2,8,26,9,1,0,0,0,0,1,1,0,
726,UK,36-45,Intermediate,"Gaming, Music",2,11,10,27,20,3,11,16,0,1,0,0,1,0,1,0,0,
727,India,36-45,Intermediate,"Music, Cooking",8,35,21,19,14,31,13,10,15,1,0,0,0,1,1,0,0,
728,USA,36-45,Intermediate,"Sports, Music",6,1,8,6,0,7,0,0,14,1,0,0,0,0,1,1,0,
729,Japan,26-35,Beginner,"Gaming, Cooking",17,8,12,21,5,13,16,9,15,1,0,0,1,1,0,0,0,
730,Brazil,26-35,Advanced,"Technology, Sports",7,19,9,14,1,32,4,12,0,1,0,0,0,0,0,1,1,
731,Brazil,46+,Advanced,"Gaming, Sports",3,28,13,17,0,26,24,11,0,1,0,0,1,0,0,1,0,
732,UK,36-45,Intermediate,"Gaming, Technology",3,4,21,1,4,0,0,11,14,1,0,0,1,0,0,0,1,
733,India,18-25,Advanced,"Music, Cooking",0,28,9,11,18,0,9,5,16,1,0,0,0,1,1,0,0,
734,Japan,26-35,Intermediate,"Technology, Cooking",6,6,50,18,8,7,21,32,12,1,0,0,0,1,0,0,1,
735,India,36-45,Beginner,"Cooking, Sports",9,14,3,6,1,7,3,9,12,1,0,0,0,1,0,1,0,
736,Japan,36-45,Advanced,"Technology, Sports",6,15,11,16,5,9,10,14,10,1,0,0,0,0,0,1,1,
737,UK,26-35,Beginner,"Sports, Cooking",13,8,22,5,6,4,20,8,10,1,0,0,0,1,0,1,0,
738,UK,46+,Advanced,"Sports, Technology",10,15,24,3,6,12,3,16,15,1,0,0,0,0,0,1,1,
739,Brazil,26-35,Beginner,"Gaming, Cooking",12,15,17,18,12,6,18,10,16,1,0,0,1,1,0,0,0,
740,India,26-35,Advanced,"Gaming, Cooking",3,0,6,25,4,3,22,5,0,1,0,0,1,1,0,0,0,
741,Brazil,18-25,Beginner,"Sports, Music",0,5,10,6,8,0,7,5,1,1,0,0,0,0,1,1,0,
742,India,18-25,Beginner,"Sports, Music",25,24,34,0,25,9,16,12,21,1,0,0,0,0,1,1,0,
743,Brazil,46+,Advanced,"Sports, Technology",1,5,0,28,5,16,7,6,0,1,0,0,0,0,0,1,1,
744,USA,36-45,Beginner,"Cooking, Music",3,4,9,0,0,3,0,12,1,1,0,0,0,1,1,0,0,
745,USA,26-35,Beginner,"Cooking, Sports",15,7,20,8,3,10,0,22,15,1,0,0,0,1,0,1,0,
746,USA,46+,Beginner,"Technology, Sports",7,8,8,18,7,13,9,7,5,1,0,0,0,0,0,1,1,
747,USA,18-25,Advanced,"Technology, Sports",1,13,9,14,13,0,9,7,8,1,0,0,0,0,0,1,1,
748,Japan,26-35,Advanced,"Technology, Sports",9,20,18,3,3,8,3,12,24,1,0,0,0,0,0,1,1,
749,USA,36-45,Beginner,"Sports, Music",7,11,11,7,12,11,0,9,4,1,0,0,0,0,1,1,0,
750,UK,18-25,Beginner,"Music, Sports",14,6,0,9,0,0,5,12,12,1,0,0,0,0,1,1,0,
751,UK,18-25,Advanced,"Gaming, Sports",3,9,4,10,0,8,4,8,6,1,0,0,1,0,0,1,0,
752,Japan,18-25,Advanced,"Sports, Gaming",14,9,27,9,8,13,6,9,23,1,0,0,1,0,0,1,0,
753,USA,46+,Beginner,"Cooking, Technology",13,27,25,13,12,4,17,31,14,1,0,0,0,1,0,0,1,
754,USA,36-45,Beginner,"Gaming, Cooking",6,0,17,5,0,11,0,9,8,1,0,0,1,1,0,0,0,
755,USA,26-35,Beginner,"Music, Gaming",15,14,15,20,8,15,5,5,31,1,0,0,1,0,1,0,0,
756,Brazil,46+,Intermediate,"Music, Technology",16,6,13,30,15,12,3,27,8,1,0,0,0,0,1,0,1,
757,India,46+,Advanced,"Gaming, Music",9,16,18,12,20,0,5,19,11,1,0,0,1,0,1,0,0,
758,Brazil,46+,Intermediate,"Gaming, Technology",14,24,3,8,14,29,0,6,0,1,0,0,1,0,0,0,1,
759,India,18-25,Advanced,"Music, Cooking",8,7,0,6,7,8,1,0,5,1,0,0,0,1,1,0,0,
760,USA,36-45,Advanced,"Cooking, Gaming",12,14,27,15,9,22,11,14,12,1,0,0,1,1,0,0,0,
761,USA,46+,Advanced,"Cooking, Gaming",8,28,24,16,9,20,32,7,8,1,0,0,1,1,0,0,0,
762,Brazil,26-35,Advanced,"Cooking, Technology",5,46,8,14,21,13,16,11,12,1,0,0,0,1,0,0,1,
763,Brazil,36-45,Advanced,"Gaming, Cooking",10,7,25,0,13,21,0,0,8,1,0,0,1,1,0,0,0,
764,India,26-35,Advanced,"Technology, Music",8,17,0,13,8,2,4,17,7,1,0,0,0,0,1,0,1,
765,UK,36-45,Advanced,"Technology, Cooking",18,8,28,12,13,11,30,3,9,1,0,0,0,1,0,0,1,
766,India,26-35,Intermediate,"Sports, Cooking",24,4,9,4,16,4,14,0,7,1,0,0,0,1,0,1,0,
767,Brazil,18-25,Beginner,"Music, Gaming",27,8,9,7,4,13,0,13,21,1,0,0,1,0,1,0,0,
768,Brazil,46+,Beginner,"Gaming, Cooking",0,19,14,9,15,4,13,10,0,1,0,0,1,1,0,0,0,
769,Japan,26-35,Intermediate,"Gaming, Music",26,7,28,19,15,27,16,22,0,1,0,0,1,0,1,0,0,
770,Brazil,36-45,Intermediate,"Music, Sports",12,3,20,8,6,0,11,7,19,1,0,0,0,0,1,1,0,
771,Japan,46+,Intermediate,"Sports, Gaming",9,42,6,8,0,15,29,6,15,1,0,0,1,0,0,1,0,
772,UK,46+,Intermediate,"Sports, Cooking",0,1,15,0,12,0,3,0,1,1,0,0,0,1,0,1,0,
773,India,36-45,Advanced,"Gaming, Cooking",14,0,18,22,18,9,18,0,9,1,0,0,1,1,0,0,0,
774,India,26-35,Beginner,"Sports, Cooking",26,15,9,11,12,29,0,20,0,1,0,0,0,1,0,1,0,
775,Japan,18-25,Advanced,"Gaming, Music",14,3,12,8,12,5,10,10,0,1,0,0,1,0,1,0,0,
776,India,18-25,Beginner,"Cooking, Music",14,10,5,16,19,0,1,7,18,1,0,0,0,1,1,0,0,
777,Brazil,26-35,Beginner,"Gaming, Technology",24,13,24,7,13,18,14,8,15,1,0,0,1,0,0,0,1,
778,USA,46+,Intermediate,"Sports, Cooking",11,0,0,15,10,0,10,0,6,1,0,0,0,1,0,1,0,
779,Japan,46+,Advanced,"Sports, Music",6,15,8,16,6,0,5,16,18,1,0,0,0,0,1,1,0,
780,India,46+,Intermediate,"Technology, Cooking",17,0,7,5,0,18,4,2,5,1,0,0,0,1,0,0,1,
781,Japan,46+,Advanced,"Gaming, Sports",7,0,28,0,3,0,0,9,23,1,0,0,1,0,0,1,0,
782,Japan,26-35,Beginner,"Technology, Music",19,12,17,24,1,18,36,17,0,1,0,0,0,0,1,0,1,
783,USA,46+,Intermediate,"Gaming, Music",14,13,11,8,8,10,0,27,1,1,0,0,1,0,1,0,0,
784,Brazil,36-45,Intermediate,"Gaming, Cooking",15,23,24,23,26,15,9,10,25,1,0,0,1,1,0,0,0,
785,Japan,46+,Beginner,"Sports, Cooking",9,6,14,20,6,12,9,13,9,1,0,0,0,1,0,1,0,
786,India,18-25,Beginner,"Cooking, Technology",8,16,6,10,9,21,1,0,9,1,0,0,0,1,0,0,1,
787,UK,46+,Beginner,"Sports, Technology",16,28,16,6,21,0,15,14,16,1,0,0,0,0,0,1,1,
788,Japan,26-35,Intermediate,"Technology, Sports",9,0,19,7,0,14,0,11,10,1,0,0,0,0,0,1,1,
789,Japan,18-25,Advanced,"Sports, Cooking",5,6,22,14,16,6,11,6,8,1,0,0,0,1,0,1,0,
790,USA,26-35,Intermediate,"Sports, Cooking",0,0,42,28,8,13,12,7,30,1,0,0,0,1,0,1,0,
791,Brazil,26-35,Advanced,"Sports, Music",22,0,6,14,10,6,1,16,9,1,0,0,0,0,1,1,0,
792,UK,18-25,Intermediate,"Sports, Cooking",15,14,11,22,5,9,13,19,16,1,0,0,0,1,0,1,0,
793,India,26-35,Intermediate,"Cooking, Sports",11,35,9,8,4,0,17,13,29,1,0,0,0,1,0,1,0,
794,UK,26-35,Beginner,"Gaming, Cooking",0,5,12,24,21,0,6,14,0,1,0,0,1,1,0,0,0,
795,India,46+,Advanced,"Music, Technology",0,7,0,14,0,0,7,6,8,1,0,0,0,0,1,0,1,
796,Brazil,36-45,Intermediate,"Technology, Music",7,5,14,7,5,5,12,11,0,1,0,0,0,0,1,0,1,
797,India,26-35,Intermediate,"Technology, Music",14,32,18,22,8,21,0,14,43,1,0,0,0,0,1,0,1,
798,USA,26-35,Beginner,"Music, Sports",30,12,25,23,20,0,26,14,30,1,0,0,0,0,1,1,0,
799,USA,26-35,Beginner,"Gaming, Music",0,22,2,15,0,3,5,20,11,1,0,0,1,0,1,0,0,
800,USA,46+,Advanced,"Cooking, Gaming",16,16,19,1,7,5,18,18,4,1,0,0,1,1,0,0,0,
801,USA,36-45,Intermediate,"Sports, Music",22,12,0,8,11,10,0,7,14,1,0,0,0,0,1,1,0,
802,UK,18-25,Advanced,"Technology, Music",8,12,21,9,12,7,6,7,18,1,0,0,0,0,1,0,1,
803,Brazil,46+,Intermediate,"Music, Technology",16,32,10,14,16,12,32,0,12,1,0,0,0,0,1,0,1,
804,India,46+,Advanced,"Sports, Gaming",9,15,23,18,5,12,11,23,14,1,0,0,1,0,0,1,0,
805,India,36-45,Beginner,"Sports, Technology",12,4,10,5,5,0,10,0,16,1,0,0,0,0,0,1,1,
806,USA,36-45,Intermediate,"Gaming, Sports",6,7,8,1,8,6,5,3,0,1,0,0,1,0,0,1,0,
807,USA,46+,Advanced,"Cooking, Technology",2,14,12,3,10,14,0,0,7,1,0,0,0,1,0,0,1,
808,Japan,18-25,Beginner,"Music, Technology",2,26,13,14,6,15,0,21,13,1,0,0,0,0,1,0,1,
809,Brazil,46+,Beginner,"Sports, Gaming",0,15,28,24,21,17,7,13,9,1,0,0,1,0,0,1,0,
810,UK,36-45,Advanced,"Gaming, Cooking",8,3,9,11,0,9,16,2,4,1,0,0,1,1,0,0,0,
811,India,18-25,Intermediate,"Music, Cooking",24,23,2,7,8,13,5,8,22,1,0,0,0,1,1,0,0,
812,Japan,36-45,Intermediate,"Cooking, Sports",16,4,11,28,12,4,9,10,24,1,0,0,0,1,0,1,0,
813,Japan,18-25,Beginner,"Music, Cooking",0,8,24,1,0,16,17,0,0,1,0,0,0,1,1,0,0,
814,India,26-35,Intermediate,"Music, Gaming",4,4,6,1,0,2,0,6,7,1,0,0,1,0,1,0,0,
815,UK,36-45,Intermediate,"Music, Technology",23,16,20,33,15,21,34,9,13,1,0,0,0,0,1,0,1,
816,Japan,36-45,Intermediate,"Sports, Technology",2,15,6,13,10,4,0,18,4,1,0,0,0,0,0,1,1,
817,Japan,46+,Beginner,"Cooking, Music",3,3,5,7,0,5,5,2,6,1,0,0,0,1,1,0,0,
818,Brazil,36-45,Advanced,"Gaming, Cooking",4,28,13,9,16,5,10,4,19,1,0,0,1,1,0,0,0,
819,UK,36-45,Intermediate,"Technology, Cooking",24,7,46,10,28,16,16,14,13,1,0,0,0,1,0,0,1,
820,Japan,26-35,Beginner,"Cooking, Music",14,20,6,3,0,14,3,11,15,1,0,0,0,1,1,0,0,
821,UK,36-45,Beginner,"Music, Cooking",8,15,32,11,20,14,5,19,8,1,0,0,0,1,1,0,0,
822,India,26-35,Advanced,"Gaming, Music",13,4,7,0,7,0,12,0,5,1,0,0,1,0,1,0,0,
823,USA,26-35,Intermediate,"Sports, Music",8,15,17,11,0,25,1,7,18,1,0,0,0,0,1,1,0,
824,Japan,26-35,Intermediate,"Gaming, Cooking",41,15,33,18,31,12,30,20,14,1,0,0,1,1,0,0,0,
825,Brazil,26-35,Advanced,"Gaming, Sports",23,26,0,10,6,5,5,13,30,1,0,0,1,0,0,1,0,
826,India,18-25,Advanced,"Gaming, Music",7,1,22,17,14,15,0,9,9,1,0,0,1,0,1,0,0,
827,UK,46+,Beginner,"Cooking, Technology",19,30,8,18,47,7,5,13,3,1,0,0,0,1,0,0,1,
828,India,18-25,Beginner,"Gaming, Sports",5,1,0,11,0,7,1,4,5,1,0,0,1,0,0,1,0,
829,Japan,36-45,Advanced,"Cooking, Gaming",14,8,8,0,15,2,7,4,2,1,0,0,1,1,0,0,0,
830,UK,18-25,Intermediate,"Technology, Music",32,1,21,3,8,12,13,21,3,1,0,0,0,0,1,0,1,
831,USA,18-25,Beginner,"Gaming, Cooking",7,11,5,13,0,1,15,11,9,1,0,0,1,1,0,0,0,
832,India,36-45,Beginner,"Sports, Technology",8,23,12,1,11,5,12,6,10,1,0,0,0,0,0,1,1,
833,Japan,36-45,Intermediate,"Music, Technology",13,32,5,13,21,3,17,3,19,1,0,0,0,0,1,0,1,
834,Brazil,36-45,Beginner,"Music, Sports",11,10,17,23,5,24,10,13,9,1,0,0,0,0,1,1,0,
835,UK,18-25,Intermediate,"Gaming, Technology",33,5,31,17,33,12,7,30,4,1,0,0,1,0,0,0,1,
836,India,18-25,Intermediate,"Cooking, Technology",10,2,16,11,4,16,11,0,8,1,0,0,0,1,0,0,1,
837,India,36-45,Intermediate,"Sports, Cooking",19,15,29,14,0,19,26,12,20,1,0,0,0,1,0,1,0,
838,USA,46+,Advanced,"Gaming, Sports",21,8,16,20,11,8,21,20,5,1,0,0,1,0,0,1,0,
839,USA,46+,Advanced,"Music, Technology",10,22,27,14,12,20,21,0,20,1,0,0,0,0,1,0,1,
840,Brazil,26-35,Advanced,"Gaming, Cooking",18,0,8,36,14,0,17,8,23,1,0,0,1,1,0,0,0,
841,Brazil,36-45,Intermediate,"Cooking, Technology",16,6,8,15,0,12,6,11,16,1,0,0,0,1,0,0,1,
842,Japan,26-35,Intermediate,"Technology, Gaming",5,4,24,26,19,16,5,17,2,1,0,0,1,0,0,0,1,
843,Japan,46+,Advanced,"Technology, Gaming",0,7,10,27,4,15,0,8,17,1,0,0,1,0,0,0,1,
844,Brazil,26-35,Beginner,"Cooking, Sports",5,27,2,40,21,14,15,7,17,1,0,0,0,1,0,1,0,
845,Brazil,36-45,Intermediate,"Music, Technology",16,14,8,8,18,11,2,5,10,1,0,0,0,0,1,0,1,
846,UK,36-45,Beginner,"Gaming, Sports",1,18,16,16,0,14,3,12,22,1,0,0,1,0,0,1,0,
847,USA,36-45,Beginner,"Technology, Gaming",37,10,15,9,0,15,13,5,38,1,0,0,1,0,0,0,1,
848,Japan,18-25,Intermediate,"Sports, Cooking",23,18,11,33,7,20,19,8,31,1,0,0,0,1,0,1,0,
849,USA,26-35,Intermediate,"Sports, Gaming",32,14,9,20,4,8,12,32,19,1,0,0,1,0,0,1,0,
850,USA,46+,Beginner,"Sports, Music",14,17,2,0,0,8,16,9,0,1,0,0,0,0,1,1,0,
851,Brazil,46+,Beginner,"Music, Technology",18,10,31,0,9,19,17,1,13,1,0,0,0,0,1,0,1,
852,UK,46+,Advanced,"Gaming, Music",10,13,18,6,17,13,0,8,9,1,0,0,1,0,1,0,0,
853,India,18-25,Advanced,"Music, Cooking",28,25,2,7,16,20,6,20,0,1,0,0,0,1,1,0,0,
854,UK,18-25,Intermediate,"Sports, Technology",29,25,23,25,23,11,27,29,12,1,0,0,0,0,0,1,1,
855,UK,36-45,Advanced,"Music, Sports",27,0,10,16,9,6,1,24,13,1,0,0,0,0,1,1,0,
856,USA,46+,Advanced,"Technology, Gaming",10,10,0,14,5,14,3,4,8,1,0,0,1,0,0,0,1,
857,UK,18-25,Advanced,"Music, Gaming",15,28,17,7,0,6,19,7,35,1,0,0,1,0,1,0,0,
858,Japan,36-45,Advanced,"Music, Technology",3,19,25,12,11,13,9,17,9,1,0,0,0,0,1,0,1,
859,USA,46+,Beginner,"Sports, Music",9,22,8,0,12,15,0,9,3,1,0,0,0,0,1,1,0,
860,Japan,26-35,Intermediate,"Technology, Sports",20,15,24,6,26,6,6,15,12,1,0,0,0,0,0,1,1,
861,India,36-45,Advanced,"Sports, Technology",7,13,9,13,22,6,0,11,3,1,0,0,0,0,0,1,1,
862,USA,18-25,Beginner,"Music, Gaming",9,24,0,6,18,6,0,4,11,1,0,0,1,0,1,0,0,
863,India,18-25,Beginner,"Sports, Technology",0,16,16,16,13,0,15,6,14,1,0,0,0,0,0,1,1,
864,USA,36-45,Beginner,"Sports, Technology",7,10,22,14,9,5,13,0,26,1,0,0,0,0,0,1,1,
865,Brazil,36-45,Advanced,"Cooking, Music",5,9,29,20,7,34,8,9,5,1,0,0,0,1,1,0,0,
866,UK,18-25,Advanced,"Gaming, Music",16,35,10,7,0,8,9,42,9,1,0,0,1,0,1,0,0,
867,Brazil,26-35,Intermediate,"Gaming, Music",11,1,21,25,7,11,5,13,22,1,0,0,1,0,1,0,0,
868,India,46+,Advanced,"Gaming, Music",23,18,6,32,17,22,5,19,16,1,0,0,1,0,1,0,0,
869,UK,26-35,Advanced,"Technology, Music",13,27,10,30,35,13,4,1,27,1,0,0,0,0,1,0,1,
870,USA,36-45,Beginner,"Music, Cooking",22,15,0,6,3,7,11,21,1,1,0,0,0,1,1,0,0,
871,UK,26-35,Intermediate,"Sports, Music",6,10,0,15,0,0,8,10,13,1,0,0,0,0,1,1,0,
872,Japan,18-25,Advanced,"Cooking, Sports",6,4,15,19,6,0,14,12,12,1,0,0,0,1,0,1,0,
873,UK,36-45,Advanced,"Technology, Cooking",11,13,18,35,24,22,11,20,0,1,0,0,0,1,0,0,1,
874,Japan,46+,Beginner,"Sports, Gaming",6,10,17,14,19,16,10,0,2,1,0,0,1,0,0,1,0,
875,UK,18-25,Beginner,"Cooking, Music",0,16,9,11,2,0,21,13,0,1,0,0,0,1,1,0,0,
876,Japan,18-25,Advanced,"Gaming, Sports",7,5,3,3,9,0,6,3,0,1,0,0,1,0,0,1,0,
877,India,46+,Intermediate,"Music, Cooking",3,6,18,35,9,23,7,15,8,1,0,0,0,1,1,0,0,
878,Brazil,46+,Intermediate,"Technology, Music",5,0,12,20,4,17,7,5,4,1,0,0,0,0,1,0,1,
879,USA,26-35,Beginner,"Gaming, Cooking",17,10,7,7,7,12,0,10,12,1,0,0,1,1,0,0,0,
880,UK,36-45,Beginner,"Sports, Gaming",29,12,4,10,14,7,15,0,19,1,0,0,1,0,0,1,0,
881,Brazil,46+,Advanced,"Cooking, Sports",14,5,12,8,3,13,3,16,4,1,0,0,0,1,0,1,0,
882,USA,46+,Beginner,"Technology, Cooking",16,10,11,9,12,4,13,16,1,1,0,0,0,1,0,0,1,
883,USA,36-45,Advanced,"Cooking, Gaming",22,12,6,14,6,18,12,8,10,1,0,0,1,1,0,0,0,
884,Japan,46+,Intermediate,"Music, Sports",1,7,23,7,17,0,9,10,2,1,0,0,0,0,1,1,0,
885,India,46+,Intermediate,"Technology, Sports",14,25,10,11,8,9,6,6,31,1,0,0,0,0,0,1,1,
886,India,26-35,Advanced,"Cooking, Sports",4,14,12,20,10,12,16,12,0,1,0,0,0,1,0,1,0,
887,Brazil,18-25,Beginner,"Technology, Cooking",17,11,10,2,4,17,11,8,0,1,0,0,0,1,0,0,1,
888,India,18-25,Intermediate,"Gaming, Cooking",18,13,24,10,23,22,7,13,0,1,0,0,1,1,0,0,0,
889,UK,18-25,Beginner,"Sports, Technology",16,19,32,0,7,13,4,28,15,1,0,0,0,0,0,1,1,
890,India,18-25,Intermediate,"Technology, Gaming",9,31,21,17,24,14,21,15,4,1,0,0,1,0,0,0,1,
891,Brazil,46+,Advanced,"Sports, Technology",19,9,31,13,16,12,10,15,19,1,0,0,0,0,0,1,1,
892,India,36-45,Advanced,"Music, Sports",3,23,28,5,22,5,4,18,10,1,0,0,0,0,1,1,0,
893,UK,36-45,Advanced,"Music, Technology",0,3,19,17,10,15,10,0,4,1,0,0,0,0,1,0,1,
894,Japan,26-35,Intermediate,"Sports, Cooking",20,6,0,7,6,15,6,0,6,1,0,0,0,1,0,1,0,
895,Brazil,26-35,Beginner,"Sports, Cooking",5,23,4,16,0,6,2,4,36,1,0,0,0,1,0,1,0,
896,Japan,46+,Beginner,"Music, Cooking",15,8,14,5,6,12,5,13,6,1,0,0,0,1,1,0,0,
897,Japan,36-45,Beginner,"Technology, Cooking",21,28,35,11,13,25,25,12,20,1,0,0,0,1,0,0,1,
898,Japan,36-45,Intermediate,"Sports, Gaming",19,13,28,27,23,14,24,12,14,1,0,0,1,0,0,1,0,
899,USA,18-25,Intermediate,"Technology, Cooking",7,10,10,11,1,0,7,15,15,1,0,0,0,1,0,0,1,
900,USA,46+,Intermediate,"Sports, Technology",0,8,18,4,7,13,1,6,3,1,0,0,0,0,0,1,1,
901,Japan,46+,Intermediate,"Sports, Gaming",0,31,18,23,8,20,2,9,33,1,0,0,1,0,0,1,0,
902,Brazil,18-25,Intermediate,"Gaming, Music",2,4,11,6,10,6,3,0,4,1,0,0,1,0,1,0,0,
903,UK,46+,Beginner,"Sports, Gaming",5,6,0,1,0,0,0,0,12,1,0,0,1,0,0,1,0,
904,UK,46+,Intermediate,"Music, Cooking",15,7,14,3,15,13,3,7,1,1,0,0,0,1,1,0,0,
905,India,26-35,Intermediate,"Cooking, Gaming",0,8,9,13,5,0,15,10,0,1,0,0,1,1,0,0,0,
906,Brazil,36-45,Beginner,"Cooking, Gaming",6,11,9,12,10,5,5,15,3,1,0,0,1,1,0,0,0,
907,USA,46+,Intermediate,"Technology, Gaming",9,8,8,1,2,17,0,7,0,1,0,0,1,0,0,0,1,
908,Japan,26-35,Beginner,"Technology, Gaming",8,20,16,13,12,5,20,7,13,1,0,0,1,0,0,0,1,
909,India,36-45,Beginner,"Gaming, Technology",14,7,1,8,16,1,7,0,6,1,0,0,1,0,0,0,1,
910,UK,18-25,Advanced,"Music, Technology",13,19,12,14,8,16,10,18,6,1,0,0,0,0,1,0,1,
911,USA,26-35,Advanced,"Technology, Cooking",8,4,25,14,9,8,11,12,11,1,0,0,0,1,0,0,1,
912,USA,26-35,Advanced,"Technology, Gaming",13,14,3,15,20,4,16,0,5,1,0,0,1,0,0,0,1,
913,Japan,36-45,Advanced,"Sports, Cooking",44,18,10,19,39,21,12,17,2,1,0,0,0,1,0,1,0,
914,UK,18-25,Intermediate,"Technology, Music",21,5,1,39,16,8,4,17,21,1,0,0,0,0,1,0,1,
915,Brazil,26-35,Advanced,"Cooking, Gaming",24,10,18,10,11,26,9,10,6,1,0,0,1,1,0,0,0,
916,USA,46+,Beginner,"Music, Sports",19,15,13,5,9,17,9,7,10,1,0,0,0,0,1,1,0,
917,Japan,46+,Intermediate,"Cooking, Music",16,0,14,11,23,11,0,7,0,1,0,0,0,1,1,0,0,
918,Brazil,46+,Advanced,"Technology, Music",10,21,21,29,18,3,16,24,20,1,0,0,0,0,1,0,1,
919,UK,18-25,Beginner,"Cooking, Technology",7,18,5,24,9,14,7,9,15,1,0,0,0,1,0,0,1,
920,USA,26-35,Intermediate,"Sports, Gaming",6,35,3,21,4,6,31,0,24,1,0,0,1,0,0,1,0,
921,Brazil,46+,Intermediate,"Gaming, Sports",17,9,13,13,3,19,16,5,9,1,0,0,1,0,0,1,0,
922,Brazil,18-25,Advanced,"Sports, Cooking",27,0,18,18,18,10,12,15,8,1,0,0,0,1,0,1,0,
923,Brazil,46+,Intermediate,"Sports, Music",5,6,22,4,2,10,10,15,0,1,0,0,0,0,1,1,0,
924,USA,36-45,Beginner,"Technology, Music",9,9,6,5,0,3,5,13,8,1,0,0,0,0,1,0,1,
925,USA,26-35,Intermediate,"Sports, Technology",4,21,0,13,0,0,2,15,21,1,0,0,0,0,0,1,1,
926,India,26-35,Beginner,"Cooking, Music",39,16,0,4,23,6,0,15,15,1,0,0,0,1,1,0,0,
927,UK,18-25,Intermediate,"Technology, Sports",7,12,5,13,4,16,0,14,3,1,0,0,0,0,0,1,1,
928,Japan,18-25,Advanced,"Sports, Cooking",20,26,6,22,22,15,9,11,17,1,0,0,0,1,0,1,0,
929,Brazil,26-35,Beginner,"Gaming, Music",5,8,15,15,6,8,6,15,8,1,0,0,1,0,1,0,0,
930,India,46+,Intermediate,"Technology, Sports",0,23,1,15,0,17,10,4,8,1,0,0,0,0,0,1,1,
931,Japan,46+,Intermediate,"Sports, Music",0,19,13,3,8,8,0,0,19,1,0,0,0,0,1,1,0,
932,India,36-45,Intermediate,"Sports, Music",18,10,2,0,3,9,9,0,9,1,0,0,0,0,1,1,0,
933,USA,46+,Beginner,"Music, Gaming",3,11,5,10,12,0,3,9,5,1,0,0,1,0,1,0,0,
934,Brazil,18-25,Beginner,"Music, Cooking",22,8,18,4,14,13,0,6,19,1,0,0,0,1,1,0,0,
935,Japan,18-25,Beginner,"Gaming, Music",28,3,13,3,9,13,7,9,9,1,0,0,1,0,1,0,0,
936,Japan,46+,Advanced,"Technology, Cooking",15,12,5,13,5,21,2,13,4,1,0,0,0,1,0,0,1,
937,Japan,18-25,Advanced,"Technology, Music",12,24,6,6,0,1,9,20,18,1,0,0,0,0,1,0,1,
938,Japan,26-35,Beginner,"Technology, Music",0,41,25,7,13,0,37,18,5,1,0,0,0,0,1,0,1,
939,Japan,26-35,Intermediate,"Gaming, Cooking",24,10,19,25,14,7,13,21,23,1,0,0,1,1,0,0,0,
940,India,46+,Advanced,"Technology, Gaming",13,2,10,14,4,9,7,11,8,1,0,0,1,0,0,0,1,
941,Brazil,26-35,Beginner,"Technology, Gaming",9,23,14,8,7,20,5,4,18,1,0,0,1,0,0,0,1,
942,USA,26-35,Intermediate,"Music, Technology",16,0,5,7,0,0,22,6,0,1,0,0,0,0,1,0,1,
943,USA,36-45,Advanced,"Cooking, Gaming",16,11,2,8,11,1,0,12,13,1,0,0,1,1,0,0,0,
944,USA,36-45,Intermediate,"Cooking, Music",18,5,14,13,18,14,6,12,0,1,0,0,0,1,1,0,0,
945,USA,26-35,Intermediate,"Technology, Gaming",12,16,0,12,12,8,13,7,0,1,0,0,1,0,0,0,1,
946,India,46+,Intermediate,"Gaming, Music",11,5,5,10,5,20,3,2,1,1,0,0,1,0,1,0,0,
947,UK,36-45,Intermediate,"Gaming, Technology",11,7,19,8,2,12,1,30,0,1,0,0,1,0,0,0,1,
948,Brazil,18-25,Advanced,"Sports, Music",4,13,10,13,14,5,10,8,3,1,0,0,0,0,1,1,0,
949,Japan,18-25,Advanced,"Sports, Cooking",32,29,9,23,29,5,17,25,17,1,0,0,0,1,0,1,0,
950,UK,18-25,Advanced,"Sports, Gaming",6,12,14,20,11,9,8,15,9,1,0,0,1,0,0,1,0,
951,USA,46+,Beginner,"Music, Gaming",0,9,7,19,5,6,13,11,0,1,0,0,1,0,1,0,0,
952,UK,26-35,Advanced,"Gaming, Sports",15,7,1,1,0,7,1,7,9,1,0,0,1,0,0,1,0,
953,Brazil,18-25,Intermediate,"Music, Sports",19,7,9,13,0,4,16,16,12,1,0,0,0,0,1,1,0,
954,Japan,46+,Advanced,"Music, Sports",2,10,18,0,2,5,11,10,2,1,0,0,0,0,1,1,0,
955,Japan,36-45,Intermediate,"Sports, Cooking",40,28,18,9,18,14,11,9,43,1,0,0,0,1,0,1,0,
956,Brazil,26-35,Beginner,"Cooking, Gaming",2,7,2,9,6,9,0,2,3,1,0,0,1,1,0,0,0,
957,Brazil,36-45,Intermediate,"Sports, Technology",0,23,11,4,4,21,4,4,5,1,0,0,0,0,0,1,1,
958,USA,46+,Intermediate,"Technology, Gaming",17,0,13,2,0,9,7,14,2,1,0,0,1,0,0,0,1,
959,Japan,18-25,Intermediate,"Music, Gaming",13,8,22,8,15,14,4,13,5,1,0,0,1,0,1,0,0,
960,UK,18-25,Beginner,"Technology, Gaming",0,9,7,27,13,10,13,7,0,1,0,0,1,0,0,0,1,
961,India,46+,Advanced,"Technology, Sports",14,0,20,7,0,12,17,7,5,1,0,0,0,0,0,1,1,
962,India,18-25,Advanced,"Gaming, Technology",33,6,28,35,22,36,10,21,13,1,0,0,1,0,0,0,1,
963,Brazil,26-35,Beginner,"Music, Technology",0,0,0,12,0,0,0,12,0,1,0,0,0,0,1,0,1,
964,USA,46+,Intermediate,"Gaming, Technology",0,12,16,1,0,15,4,0,10,1,0,0,1,0,0,0,1,
965,India,36-45,Advanced,"Technology, Sports",10,3,5,8,0,6,8,12,0,1,0,0,0,0,0,1,1,
966,Japan,46+,Beginner,"Gaming, Cooking",16,34,3,29,21,28,7,15,11,1,0,0,1,1,0,0,0,
967,Brazil,26-35,Advanced,"Cooking, Gaming",0,21,5,0,10,6,0,2,8,1,0,0,1,1,0,0,0,
968,UK,26-35,Beginner,"Music, Sports",10,9,9,16,4,11,11,5,13,1,0,0,0,0,1,1,0,
969,Brazil,46+,Intermediate,"Sports, Cooking",0,19,1,27,13,10,10,7,7,1,0,0,0,1,0,1,0,
970,UK,46+,Advanced,"Gaming, Cooking",9,5,16,25,6,0,21,8,20,1,0,0,1,1,0,0,0,
971,Brazil,18-25,Beginner,"Sports, Gaming",22,13,1,8,9,13,7,6,9,1,0,0,1,0,0,1,0,
972,Brazil,26-35,Advanced,"Cooking, Gaming",19,4,14,23,25,15,3,12,5,1,0,0,1,1,0,0,0,
973,Brazil,46+,Advanced,"Sports, Technology",3,11,3,16,3,7,0,11,12,1,0,0,0,0,0,1,1,
974,UK,46+,Advanced,"Gaming, Sports",0,11,6,17,9,11,1,13,0,1,0,0,1,0,0,1,0,
975,UK,26-35,Advanced,"Cooking, Sports",26,8,10,9,1,2,24,10,16,1,0,0,0,1,0,1,0,
976,Brazil,46+,Beginner,"Gaming, Technology",31,22,12,3,23,8,9,22,6,1,0,0,1,0,0,0,1,
977,India,18-25,Intermediate,"Cooking, Sports",0,19,0,16,5,4,0,7,19,1,0,0,0,1,0,1,0,
978,USA,26-35,Beginner,"Sports, Cooking",9,25,14,6,18,13,8,9,6,1,0,0,0,1,0,1,0,
979,USA,18-25,Beginner,"Cooking, Music",11,0,25,0,11,1,0,14,10,1,0,0,0,1,1,0,0,
980,USA,18-25,Beginner,"Sports, Music",12,8,9,15,5,26,0,1,12,1,0,0,0,0,1,1,0,
981,UK,18-25,Intermediate,"Music, Cooking",17,23,8,15,0,21,36,1,5,1,0,0,0,1,1,0,0,
982,UK,18-25,Advanced,"Gaming, Technology",3,32,6,2,7,5,12,3,16,1,0,0,1,0,0,0,1,
983,India,26-35,Advanced,"Sports, Music",18,13,9,31,19,6,10,15,21,1,0,0,0,0,1,1,0,
984,USA,18-25,Advanced,"Sports, Music",9,10,22,15,14,18,5,11,8,1,0,0,0,0,1,1,0,
985,USA,18-25,Intermediate,"Cooking, Music",13,8,22,12,10,19,11,0,15,1,0,0,0,1,1,0,0,
986,Brazil,46+,Advanced,"Sports, Gaming",0,3,10,14,1,5,6,1,14,1,0,0,1,0,0,1,0,
987,UK,26-35,Intermediate,"Sports, Technology",15,24,14,15,7,12,15,8,26,1,0,0,0,0,0,1,1,
988,USA,26-35,Advanced,"Gaming, Sports",17,3,15,15,7,5,11,12,15,1,0,0,1,0,0,1,0,
989,India,36-45,Advanced,"Technology, Gaming",19,9,11,10,25,3,0,13,8,1,0,0,1,0,0,0,1,
990,India,26-35,Beginner,"Gaming, Cooking",12,10,15,6,3,6,11,13,10,1,0,0,1,1,0,0,0,
991,USA,26-35,Intermediate,"Music, Cooking",15,10,6,20,0,21,1,12,17,1,0,0,0,1,1,0,0,
992,UK,36-45,Beginner,"Technology, Sports",12,34,33,3,31,17,22,9,3,1,0,0,0,0,0,1,1,
993,India,26-35,Beginner,"Cooking, Music",3,0,18,13,13,5,2,14,0,1,0,0,0,1,1,0,0,
994,Brazil,26-35,Beginner,"Music, Gaming",5,14,0,8,0,0,26,1,0,1,0,0,1,0,1,0,0,
995,India,26-35,Intermediate,"Music, Gaming",13,0,9,10,12,7,0,4,9,1,0,0,1,0,1,0,0,
996,Japan,26-35,Intermediate,"Sports, Gaming",8,8,10,22,5,8,13,14,8,1,0,0,1,0,0,1,0,
997,Japan,36-45,Advanced,"Technology, Cooking",27,0,4,5,1,0,8,13,14,1,0,0,0,1,0,0,1,
998,UK,26-35,Beginner,"Cooking, Technology",36,3,21,24,9,0,41,20,14,1,0,0,0,1,0,0,1,
999,USA,26-35,Advanced,"Sports, Cooking",2,12,20,16,16,0,9,7,18,1,0,0,0,1,0,1,0,
